{
  "model_type": "RandomForestRegressor",
  "n_estimators": 200,
  "mae": 1.3497812500000004,
  "feature_columns": [
    "latitude",
    "longitude",
    "num_connectors",
    "max_power_kw",
    "usage_type_id",
    "status_type_id",
    "title_1-3 Wildbader Stra\u00dfe",
    "title_12 Georg-Sch\u00f6ner-Stra\u00dfe",
    "title_13 Werftstra\u00dfe",
    "title_130 Pforzheimer Stra\u00dfe",
    "title_19 Buchbrunnenweg",
    "title_4 Rudolf-Plank-Stra\u00dfe",
    "title_43 Richard-Byrd-Stra\u00dfe",
    "title_53-61 Langenhorner Chaussee",
    "title_91er Stra\u00dfe",
    "title_A45; Autobahnrastst\u00e4tte Kaltenborn",
    "title_ALDI Supermarket",
    "title_ALDI S\u00dcD",
    "title_ALDI S\u00dcD M\u00fcnchen-Mittelsendling",
    "title_ASP Stromtankstelle",
    "title_ATU Backnang ",
    "title_AVIA Tankstelle  / An der Hasler Zell Regenstauf",
    "title_Aalernhues",
    "title_Achternfelde 5",
    "title_Adlergestell 391",
    "title_Ahornallee 20",
    "title_Ahrendvehn 1",
    "title_Akazienstra\u00dfe",
    "title_Albers-Sch\u00f6nberg-Weg",
    "title_Albert-Vater-Stra\u00dfe 70",
    "title_Aldi",
    "title_Aldi Sud Lindau",
    "title_Aldi S\u00fcd",
    "title_Aldi S\u00fcd Bonner Stra\u00dfe",
    "title_Aldi S\u00fcd Syltstra\u00dfe",
    "title_Aldi car park",
    "title_Alexanderplatz",
    "title_Alleestra\u00dfe 1",
    "title_Alleestra\u00dfe 83",
    "title_Allego Hub",
    "title_Alsterdorfer Sta\u00dfe 65",
    "title_Alsterkrugchaussee",
    "title_Alte Bahnhofstra\u00dfe 66",
    "title_Alte Burg 1",
    "title_Alte Hauptstra\u00dfe/Am Kieskamp 4",
    "title_Alte Jakobstra\u00dfe",
    "title_Alte Kreisstr. 11",
    "title_Altentreptower Str. 2",
    "title_Alter Dorfweg 30-50",
    "title_Alter Grenzweg 2",
    "title_Altes Bollwerk 9",
    "title_Altvaterstra\u00dfe",
    "title_Am Alten Markt 12",
    "title_Am Ankerglasplatz 8",
    "title_Am BR\u00dcBEL 1",
    "title_Am Badepark 5",
    "title_Am Bahnhof 1",
    "title_Am Bahnhof 2",
    "title_Am Bahnhof 3",
    "title_Am Bahnhof 6",
    "title_Am Bahnhof P&R",
    "title_Am Barkhof 1",
    "title_Am Begrabenholz 25",
    "title_Am Breithof 6",
    "title_Am Bruchfeld 1",
    "title_Am Buchhorst 34",
    "title_Am Burglehn 7",
    "title_Am Cronsbach 2",
    "title_Am Diemel 2",
    "title_Am Eggenkamp 11",
    "title_Am Eichenkamp 1",
    "title_Am Eltwerk 1",
    "title_Am Exerzierplatz 1",
    "title_Am Fahrenkrog",
    "title_Am Feriendorf 1",
    "title_Am Flughafen 1/3/5",
    "title_Am Flugplatz 7",
    "title_Am Freudenberg 30",
    "title_Am Golfplatz 1",
    "title_Am Graalwall 4",
    "title_Am Hafen 8",
    "title_Am Handelshof 19 - Burger King",
    "title_Am Handelshof 5 - Hornbach/PENNY",
    "title_Am Heidering 27",
    "title_Am Heidering 4",
    "title_Am Heisterbusch 12",
    "title_Am Hillernsen Hamm 9",
    "title_Am Hogen Hagen",
    "title_Am Husarendenkmal Ecke Husarenhof",
    "title_Am Kalkberg 6",
    "title_Am Kalkheck 2",
    "title_Am Kayenm\u00fchlengraben 2",
    "title_Am Kirschberge 65",
    "title_Am Kloster 99",
    "title_Am Krausen B\u00e4umchen 41",
    "title_Am Kurpark 9",
    "title_Am Luisenhof gg\u00fc. 1f",
    "title_Am Maddick 4a",
    "title_Am Markt",
    "title_Am Markt 2",
    "title_Am Markt 25",
    "title_Am Markt 4",
    "title_Am Markt 8",
    "title_Am Marrensdamm",
    "title_Am Nordertor",
    "title_Am Nordhafen 10",
    "title_Am Papenberg 11",
    "title_Am Pfahlberg 7",
    "title_Am Platz der Jugend - hinter Tankstelle",
    "title_Am Rabenfeld 7",
    "title_Am Rathaus 1",
    "title_Am Reckenberg 1",
    "title_Am Reth\u00f6vel 0",
    "title_Am Schlachtensee",
    "title_Am Schleusenpark 1",
    "title_Am Schloss 4",
    "title_Am Schlo\u00dfpark 22",
    "title_Am Sch\u00fctzenplatz 1",
    "title_Am Seefischmarkt 9",
    "title_Am Sonnenkamp -",
    "title_Am Spielplatz 4",
    "title_Am Sportplatz 1",
    "title_Am Sportzentrum 5",
    "title_Am Steinsgraben 27",
    "title_Am Steintor 4",
    "title_Am Strand 4",
    "title_Am S\u00fcdbahnhof 40",
    "title_Am Thie 0",
    "title_Am Tief",
    "title_Am Vaetsbruch 9",
    "title_Am Zollstock 6",
    "title_Am Zwinger 14",
    "title_Amecker Damm 1",
    "title_Ammerl\u00e4nder Heerstr. 243",
    "title_Amsinckstra\u00dfe 73",
    "title_Amts-Hauptmann-Jordan-Platz",
    "title_Amtsweg 1",
    "title_An der B167",
    "title_An der Bille 9",
    "title_An der Gartenanlage 6",
    "title_An der Heiden gg\u00fcb. 11",
    "title_An der Ihle 22",
    "title_An der Kirche",
    "title_An der Kleinbahn 5",
    "title_An der Kohlenbahn",
    "title_An der Koppelschleuse 19",
    "title_An der Leibi",
    "title_An der M\u00fchlenau 7",
    "title_An der Rosenh\u00f6he 5",
    "title_An der Salzrinne 1 - ALDI",
    "title_An der Schanze 38",
    "title_An der Stollenm\u00fchle 39",
    "title_An der Treene 11",
    "title_An der Umfluth 99",
    "title_An der Untereider 8",
    "title_An der Weinstra\u00dfe 8y",
    "title_An der Zuckerfabrik 1",
    "title_Andelweg 1",
    "title_Andreasstra\u00dfe 1",
    "title_Anna-Hausen-Stra\u00dfe 14",
    "title_Antoniusstra\u00dfe/Ecke Dorfstra\u00dfe 1",
    "title_An\u00b4t Doktorhuss",
    "title_Apart Hotel Sehnde",
    "title_Aprather Weg 18 a",
    "title_Aral Autohof",
    "title_Aral Kirchheimbolanden",
    "title_Aral Pulse",
    "title_Aral Pulse Alte R\u00f6mer Strasse 50",
    "title_Aral Tankstelle Albert-Einstein-Stra\u00dfe",
    "title_Aral Tankstelle Autohof Brumby / Sta\u00dffurt",
    "title_Aral Tankstelle Backnang ",
    "title_Aral Tankstelle K\u00f6nigslutter",
    "title_Aral pulse",
    "title_Aral pulse Ladesation",
    "title_Arno-Schmidt-Stra\u00dfe",
    "title_Arnouxstr. 13",
    "title_Arnsberger Stra\u00dfe",
    "title_Asmus-Carstens-Hag 1",
    "title_Auenhainer Stra\u00dfe 1",
    "title_Auenweg 1",
    "title_Auf dem Possen",
    "title_Auf dem Rattwerder",
    "title_Auf der Brandshofer Schleuse 4",
    "title_Auf der Heide",
    "title_Auf der Heide, Volkenshagen",
    "title_Auf der Herrschwiese 5-9",
    "title_Auf der H\u00f6he 6",
    "title_Auf der Riege 1",
    "title_August-Bebel-Platz 1",
    "title_Augustaplatz 4",
    "title_Augustaplatz 5",
    "title_Augustaplatz 6",
    "title_Auguststr.23a",
    "title_Austra\u00dfe",
    "title_Auto-H\u00e4user",
    "title_Autohaus Balke",
    "title_Autohaus G\u00fcnther GmbH & Co. KG",
    "title_Autohof Total Ferch",
    "title_Automobile Sodermanns - Reha Mobilit\u00e4tszentrum NRW",
    "title_BZTG EWE Arena",
    "title_Bachstr. 22",
    "title_Backcharge (Schmees)",
    "title_Badinger Chaussee 3",
    "title_Bahnhof 2",
    "title_Bahnhof Altwarmb\u00fcchen",
    "title_Bahnhof H\u00e4melerwald S\u00fcdseite",
    "title_Bahnhof Leutkirch",
    "title_Bahnhof Merklingen - Schw\u00e4bische Alb",
    "title_Bahnhofanlage",
    "title_Bahnhofsberg",
    "title_Bahnhofsplatz 4",
    "title_Bahnhofsring",
    "title_Bahnhofstr.",
    "title_Bahnhofstr. 18",
    "title_Bahnhofstr. 25",
    "title_Bahnhofstr. 56",
    "title_Bahnhofstra\u00dfe - Bahnhof",
    "title_Bahnhofstra\u00dfe 10",
    "title_Bahnhofstra\u00dfe 21",
    "title_Bahnhofstra\u00dfe 25",
    "title_Bahnhofstra\u00dfe 30",
    "title_Bahnhofstra\u00dfe 4",
    "title_Bahnhofstra\u00dfe 61",
    "title_Bahnhofstra\u00dfe 68",
    "title_Bahnstr. 39",
    "title_Bahnweg",
    "title_Bauhaus",
    "title_Baumarkt Bauhaus",
    "title_Baumbl\u00fcte 3",
    "title_Baurs Park 1a",
    "title_Beethovenstra\u00dfe 68",
    "title_Behnstra\u00dfe 8",
    "title_Bentheimer Stra\u00dfe 243-245",
    "title_Benzstra\u00dfe 8",
    "title_Berckhusenstra\u00dfe 69",
    "title_Berghang 36",
    "title_Bergstra\u00dfe 42795",
    "title_Berliner Chaussee 11",
    "title_Berliner Chaussee 13",
    "title_Berliner Platz 1",
    "title_Berliner Ring 1",
    "title_Berliner Str. 54",
    "title_Berliner Str. 95",
    "title_Berliner Str.50a",
    "title_Berliner Stra\u00dfe",
    "title_Berliner Stra\u00dfe 15A",
    "title_Berliner Stra\u00dfe 52e",
    "title_Bernhardstra\u00dfe 6",
    "title_Berthold-Beitz-Boulevard 500",
    "title_Beseler Platz 8",
    "title_Bibertal 9",
    "title_Bielefelder Str. 55",
    "title_Biomare Gro\u00dfzschocher",
    "title_Bischof-Vicelin-Damm",
    "title_Bismarckplatz",
    "title_Bitterfelder Str. 42",
    "title_Blankeneser Bahnhofstra\u00dfe 16",
    "title_Blankeneser Bahnhofstra\u00dfe 4",
    "title_Bliesenrader Weg 4",
    "title_Blinke 41",
    "title_Boemelburgstra\u00dfe 21",
    "title_Bogotastra\u00dfe",
    "title_Bonsfelder Stra\u00dfe 40",
    "title_Borgerweg 23",
    "title_Borkener Stra\u00dfe 24",
    "title_Bornholmer Str. 65",
    "title_Bornimer Stra\u00dfe",
    "title_Bornm\u00fchle 35",
    "title_Bornsche Str. 5",
    "title_Botanischer Schulgarten Burg",
    "title_Bramfelder Chaussee 382",
    "title_Brangenberger Str. 10",
    "title_Brauweg 45",
    "title_Bredstedter Str. 2-8",
    "title_Breite Str. 9",
    "title_Breitscheidstra\u00dfe 2",
    "title_Bremen, Humboldtstr. 125",
    "title_Brennofenweg 999",
    "title_Brigittastra\u00dfe 41",
    "title_Brockhagener Str. 224",
    "title_Brooeg 5",
    "title_Brunnenstr. 26",
    "title_Brunnenstra\u00dfe",
    "title_Brunnenstra\u00dfe 30",
    "title_Br\u00fcsseler Str. 3",
    "title_Buchholzer Str. 1",
    "title_Buchstra\u00dfe 1",
    "title_Buckh\u00f6rner Moor 110",
    "title_Burfehner Stra\u00dfe 98",
    "title_Burg Ravensberg Barenbergweg 41",
    "title_Burger King Stendal",
    "title_Buschkamp 14",
    "title_Buswendeschleife",
    "title_Butenpa\u00df 10",
    "title_Buxtehuder Stra\u00dfe 5",
    "title_Buxtehunder Stra\u00dfe 112",
    "title_B\u00e4ckerstra\u00dfe 24A",
    "title_B\u00e4derstra\u00dfe 3",
    "title_B\u00f6rnkamp 3",
    "title_B\u00fcddingstr. 34",
    "title_B\u00fcrenbrucher Weg 180",
    "title_B\u00fcrener Stra\u00dfe",
    "title_B\u00fcrener Stra\u00dfe 51",
    "title_B\u00fcrgerhaus Lohnde",
    "title_B\u00fcrgermeister-Becker-Stra\u00dfe 11",
    "title_B\u00fcrgermeister-Haupt-Str. bei 2",
    "title_B\u00fcrgermeister-Wiese-Stra\u00dfe 1",
    "title_B\u00fcrgerweide 72",
    "title_Cafe Life Fitness",
    "title_Caf\u00e9 Friedrichstadt",
    "title_Camping Biggesee 11711627",
    "title_Camping Braunlage (PowerGo)",
    "title_Camping Heilhauser Muhle (PowerGo)",
    "title_Campingplatz Heilhauser M\u00fchle (PowerGo)",
    "title_Campingplatz Litzelau 11730970",
    "title_Campusallee 1",
    "title_Carestone Kalbach (PowerGo)",
    "title_Carl-Holst-Str. 3",
    "title_Carl-Reichstein-Str. 35",
    "title_Castroper Sta\u00dfe 126",
    "title_Caubstra\u00dfe 100",
    "title_Charles-Ro\u00df-Ring 39",
    "title_Charlottenburger Chaussee 18",
    "title_Chateauneufstra\u00dfe 2",
    "title_Cicerostr. 13",
    "title_City Watt / Maldfeldstra\u00dfe 2a / Hamburg",
    "title_CoCo Parkhaus",
    "title_Comfort Charge - Elmshorn/Fernsehturm",
    "title_Comfort Charge - Staufenbergplatz Hannover",
    "title_Comfortcharge - Ladestation",
    "title_Comfortcharge Ladesstation",
    "title_Comfortcharge Ladestation",
    "title_Cranger Stra\u00dfe 160",
    "title_Crengeldanzstr. 83",
    "title_Curtiusstr. 36-38",
    "title_Cusanusstra\u00dfe",
    "title_DB Bahn-Parkhaus P1 Stromtankstelle",
    "title_DC Schnelladestatiin ",
    "title_DC Schnelladestation Seestra\u00dfe 42",
    "title_DINZLER Kaffeer\u00f6sterei AG Irschenberg",
    "title_Dachtmisser Stra\u00dfe bei 1",
    "title_Dassower Str. 8b",
    "title_Dassower Stra\u00dfe 3",
    "title_Davidstra\u00dfe",
    "title_Dehner Gartencenter",
    "title_Dehner HPC Charging",
    "title_Deichstra\u00dfe 7",
    "title_Deilbachtal 1",
    "title_Delsterner Str. 147",
    "title_Dessauer Str. 104 B",
    "title_Detmolder Str. 485",
    "title_Dieselstr. 13-19",
    "title_Dietrich-He\u00dfmer-Platz 29",
    "title_Dohuser Weg 10-14",
    "title_Doktor-Scheider-Stra\u00dfe",
    "title_Doncaster Platz 5",
    "title_Dorfgemeinschaftshaus",
    "title_Dorfring 20a",
    "title_Dorfstra\u00dfe",
    "title_Dorfstra\u00dfe 10",
    "title_Dorfstra\u00dfe 12",
    "title_Dorfstra\u00dfe 14",
    "title_Dorfstra\u00dfe bei 60",
    "title_Dorfzentrum",
    "title_Dorotheenstra\u00dfe 134",
    "title_Dr. Hammacher-Stra\u00dfe 38",
    "title_Dr.-Martin-Henning-Stra\u00dfe 14",
    "title_Dr.-Tolberg-Stra\u00dfe 33",
    "title_Drangstweg 84",
    "title_Drei-\u00c4hren-B\u00e4ckerei",
    "title_Drosselgasse 1Z",
    "title_Duisburger Str. 4",
    "title_D\u00f6lauer Stra\u00dfe 77",
    "title_D\u00f6nhoffstr. 12",
    "title_D\u00fclmener Stra\u00dfe 26",
    "title_D\u00fcmpelstr. 5",
    "title_D\u00fcppelstra\u00dfe 23",
    "title_D\u00fcrrstra\u00dfe 1",
    "title_D\u00fcsseldorfer Str. gg\u00fc. 17",
    "title_D\u00fcsseldorfer Stra\u00dfe 20",
    "title_D\u00fcttingdorfer Str. 342",
    "title_E-Bike Charging Station \u2018George-B\u00e4hr-Str. 14\u2019",
    "title_E-Bike-Ladestation",
    "title_E-Bike-Ladestation Leipziger Neuseenland",
    "title_EKZ Idar-Oberstein",
    "title_EV Charging Station",
    "title_EWE Go Aichstetten",
    "title_EWE Go Bad Gr\u00f6nenbach",
    "title_EWE Go Bad T\u00f6lz",
    "title_EWE Go Dingolfing",
    "title_EWE Go Eching",
    "title_EWE Go Filderstadt",
    "title_EWE Go Freising",
    "title_EWE Go Garmisch-Partenkirchen",
    "title_EWE Go Germering",
    "title_EWE Go Heimsheim",
    "title_EWE Go Hildesheim",
    "title_EWE Go Hildesheim ",
    "title_EWE Go Jettingen-Scheppach",
    "title_EWE Go Kiefersfelden",
    "title_EWE Go Kirchheim unter Teck",
    "title_EWE Go Kirchseeon",
    "title_EWE Go Kreuth",
    "title_EWE Go K\u00f6ngen",
    "title_EWE Go Landshut",
    "title_EWE Go Marktoberdorf",
    "title_EWE Go McDonald's",
    "title_EWE Go McDonald's Gifhorn",
    "title_EWE Go Memmingen",
    "title_EWE Go Mering",
    "title_EWE Go Murnau am Staffelsee",
    "title_EWE Go N\u00fcrtingen",
    "title_EWE Go Olching",
    "title_EWE Go Penzberg",
    "title_EWE Go Pforzheim",
    "title_EWE Go Reinfeld",
    "title_EWE Go Rosenheim",
    "title_EWE Go T\u00fcrkheim",
    "title_EWE Go Ungerhausen",
    "title_EWE Go Unterhaching",
    "title_EWE Go Unterschlei\u00dfheim",
    "title_EWE Go Wasserburg am Inn",
    "title_EWE Go Wolfratshausen",
    "title_EWEgo Mc Donalds Aachener Str. K\u00f6ln",
    "title_EZE Charging",
    "title_Ebbinghoff 10",
    "title_Ebbinghoff 20Z",
    "title_Eberhardstra\u00dfe",
    "title_Eberswalder Str. 94b",
    "title_Eckardtstra\u00dfe 36",
    "title_Eckendorfer Str. 36",
    "title_Ecotap E-Bike Ladestation",
    "title_Edeka Buchbauer / Untergriesbach",
    "title_Edeka Parkplatz",
    "title_Eichelkamp 44",
    "title_Eichenlohweg 17",
    "title_Eichenweg - hinter Kaufland",
    "title_Eichkamp 30",
    "title_Eifel-Camp (PowerGo)",
    "title_Einkaufspark Klein-Buchholz",
    "title_Eisenstr. 25",
    "title_Elisabethstra\u00dfe (Parkplatz) 0",
    "title_Elisabethstra\u00dfe 18",
    "title_Elisabethstra\u00dfe 28",
    "title_Ellerbroker Str. 1",
    "title_Elli Ladestation Posener Platz",
    "title_Elseyerstr. 12-14",
    "title_Eltener Markt 999z",
    "title_Emil-Fischer-Stra\u00dfe 22",
    "title_Emil-von-Behring-Str. 3",
    "title_Emscher Stra\u00dfe 72",
    "title_EnBW",
    "title_EnBW (Hellweg Baumarkt)",
    "title_EnBW Action Reinfeld",
    "title_EnBW Autohof Northeim",
    "title_EnBW Charging Station Rastatter Stra\u00dfe",
    "title_EnBW HPC - In der D\u00f6rrwiese 1-3",
    "title_EnBW HPC Josefstra\u00dfe Lingen",
    "title_EnBW Homepark W\u00fcrzburg",
    "title_EnBW HyperHub / W\u00f6rth an der Donau",
    "title_EnBW HyperHub Dorfen",
    "title_EnBW Hypercharger Frechen",
    "title_EnBW Ladepark Eisenberg / Petersberg",
    "title_EnBW Ladestation",
    "title_EnBW Stuhr",
    "title_Enbw",
    "title_Energiering 11",
    "title_Energy Calw GmbH",
    "title_Engersche Stra\u00dfe 80",
    "title_EnzParkHaus",
    "title_Erbeweg",
    "title_Erftstadt Supercharger",
    "title_Erika-Mann-Bogen gg\u00fc. 18",
    "title_Ernst-F\u00fcrstenberg-Str. 19",
    "title_Ernst-Th\u00e4lmann-Platz 4",
    "title_Erwitter Stra\u00dfe 10",
    "title_Erzberger Stra\u00dfe 20",
    "title_Eschollbr\u00fccker Stra\u00dfe",
    "title_Esenser Stra\u00dfe 140",
    "title_Essener Str. 345",
    "title_Europa Park Hauptparkplatz",
    "title_Europa-Park Hotel Santa Isabel",
    "title_Eutiner Stra\u00dfe 59",
    "title_Eutinerstr. 20",
    "title_EweGo",
    "title_FEstplatz",
    "title_Falkenhagener Stra\u00dfe 43 - 49",
    "title_Falkentaler Weg 4",
    "title_Fastned Supercharger",
    "title_Fehrsstra\u00dfe 5",
    "title_Feldstrasse 11",
    "title_Feldstra\u00dfe 24",
    "title_Felicitas-Kuckuk-Stra\u00dfe 10",
    "title_Felta Tankstelle - Q1 Autostrom",
    "title_Ferdinand-Jost-Stra\u00dfe 58",
    "title_Ferienanlage Erzeberg (PowerGo)",
    "title_Feriendorf Altes Land 15",
    "title_Feriengut Dalwitz",
    "title_Ferienhaus AVIVA",
    "title_Ferienhof Feinen",
    "title_Fichtenbreite 5",
    "title_Fichtenstra\u00dfe 2",
    "title_Fichtestr. 29a",
    "title_Fiedelerstra\u00dfe 24",
    "title_Finkenstra\u00dfe 31 ",
    "title_Finower Stra\u00dfe 2",
    "title_Fischstra\u00dfe 32",
    "title_Flachsmeerstra\u00dfe 20",
    "title_Flair Hotel Deutsches Haus",
    "title_Flensburger Str. 9",
    "title_Fl\u00fcggerteich 1",
    "title_Fontenay gg\u00fc. 1",
    "title_Fr.-Wolf-Ring 52a",
    "title_Frankfurter Chaussee 37",
    "title_Frankfurter Str. 119",
    "title_Frankfurter Str. 50",
    "title_Frankfurter Stra\u00dfe 274",
    "title_Frankfurter Stra\u00dfe 3",
    "title_Franz-Liszt-Str. 15",
    "title_Franz-Schubert-Str. 5",
    "title_Franziuseck",
    "title_Freienhufener Str. 21a",
    "title_Frickensteinplatz",
    "title_Friedl\u00e4nder Stra\u00dfe",
    "title_Friedl\u00e4nder Stra\u00dfe 14",
    "title_Friedrich Ebert Damm 171",
    "title_Friedrich Ebert Stra\u00dfe 63",
    "title_Friedrich-Eber Stra\u00dfe 51",
    "title_Friedrich-Ebert-Stra\u00dfe 36",
    "title_Friedrich-Ebert-Stra\u00dfe 73",
    "title_Friedrich-Frank-Bogen 168",
    "title_Friedrich-Herrmann-Stra\u00dfe",
    "title_Friedrich-Verleger-Stra\u00dfe 26",
    "title_Friedrichrodaer Str. 66",
    "title_Friedrichsfehner Stra\u00dfe 3",
    "title_Friedrichsorter Str. 74",
    "title_Frischmarkt Pagel ",
    "title_Fritz-Triddelfitz-Weg 3",
    "title_Fritz-Zubeil-Str. 51",
    "title_Fr\u00f6hlkingstr.10",
    "title_Fuhrbleek 48-50",
    "title_Fulda Holiday Inn",
    "title_F\u00fcllenbruchstr. 50",
    "title_F\u00fcrstenwall 64",
    "title_Gaemsgasse 999z",
    "title_Gaesdoncker Strasse 220",
    "title_Galgentor (P4)",
    "title_Galileistr. 21",
    "title_Gandersheimer Str. 26",
    "title_Garagenanlagen T\u00fcrpe",
    "title_Garnisonstra\u00dfe 6",
    "title_Gartenfelder Str. 104",
    "title_Gasstr. 1",
    "title_Gasthof Gr\u00fcner Baum ",
    "title_Gasthof Kapelle",
    "title_Gebr. Maier Ladestation",
    "title_Gelsenkirchener Str. gg\u00fc. 9",
    "title_Gemmericher Stra\u00dfe 36",
    "title_Genfstra\u00dfe 12",
    "title_Georg-Hermann-Alle bei Nr. 98",
    "title_Georg-M\u00fcter-Stra\u00dfe 1",
    "title_Georgstra\u00dfe 2",
    "title_Georgswerder Bogen 12",
    "title_Geraer Stra\u00dfe 31",
    "title_Geraer Stra\u00dfe 33",
    "title_Geraer Stra\u00dfe 38",
    "title_Geraer Stra\u00dfe 40",
    "title_Gerichtsstra\u00dfe 1 B",
    "title_Gerlachstra\u00dfe 14",
    "title_Gertigstra\u00dfe 64",
    "title_Gertrud-Barthel-Stra\u00dfe 5",
    "title_Geschwister-Scholl-Strasse",
    "title_Geschwister-Scholl-Stra\u00dfe 120",
    "title_Gewerbeallee 2",
    "title_Gewerbegebiet zum Wasserwerk 1",
    "title_Gewerbehof 11",
    "title_Gewerkenstr. 4",
    "title_Gie\u00dferallee 8",
    "title_Gimter Stra\u00dfe 10",
    "title_Gladbecker Str. 120",
    "title_Glash\u00fctter Damm 198",
    "title_Glaubitzer Str. 10z",
    "title_Glinder Weg 17",
    "title_Globus Amperio Charging Station",
    "title_Globus Koblenz",
    "title_Globus Mittelhausen",
    "title_Glockenstr. 20-24",
    "title_Goethestr. bei 89",
    "title_Goethestra\u00dfe 45",
    "title_Golfpark Strelasund",
    "title_Golfplatz Schmalegg",
    "title_Grabenstr. 12 a",
    "title_Grafhorster Str. 6",
    "title_Grambeker Weg 45",
    "title_Grandweg 9",
    "title_Granseer Stra\u00dfe 10",
    "title_Grenzweg 34",
    "title_Grevenweg 88",
    "title_Grodener Chaussee 56",
    "title_Gro\u00dfe Hinterlohne 3",
    "title_Gro\u00dfenbacher Tor 8",
    "title_Gro\u00dfenseer Stra\u00dfe 7b",
    "title_Grubenweg 3",
    "title_Grubenweg 4",
    "title_Gr\u00e4wingheide 7",
    "title_Gr\u00f6per Stra\u00dfe 1",
    "title_Gr\u00fcne Stra\u00dfe 24",
    "title_Gr\u00fcner J\u00e4ger 29",
    "title_Gustav Heinemann Str. 9",
    "title_Gustav-Adolf-Stra\u00dfe 31",
    "title_Gutenbergstra\u00dfe 18",
    "title_Gutschmidtstr. 101",
    "title_Gutschmiedtstr. 19",
    "title_Gutshof Rethmar",
    "title_G\u00fcnter-Kratz-Weg 1",
    "title_G\u00fctersloher Stra\u00dfe 33",
    "title_HPC Burger King",
    "title_HPC HEM Tankstelle",
    "title_HPC Hagebaumarkt",
    "title_HPC Hellweg",
    "title_HPC Hinter der Ziegelh\u00fctte",
    "title_HPC McDonald's",
    "title_HPC REWE Wilhelm-K\u00fclz-Stra\u00dfe",
    "title_HPC Total",
    "title_HPC Vilniuspassage",
    "title_HWB Friedrichskoog",
    "title_Hademareplatz 1",
    "title_Hadlichstr. 33",
    "title_Hafenstr. 5",
    "title_Hagener Allee 22",
    "title_Hakenstra\u00dfe 5",
    "title_Hallandstr. 59",
    "title_Hallesche Stra\u00dfe 129",
    "title_Hamborner Stra\u00dfe 53-55",
    "title_Hamburger Chaussee 2",
    "title_Hamburger Landstr. 99",
    "title_Handelspark 3",
    "title_Handelsstra\u00dfe 8",
    "title_Hans-Beimler-Stra\u00dfe",
    "title_Hans-B\u00f6ckler-Allee 1",
    "title_Hansaring 122",
    "title_Hansastr. 101",
    "title_Hansator Parkhaus",
    "title_Harderkook 15",
    "title_Hattinger Stra\u00dfe 386 b",
    "title_Hattstedtermarsch 43",
    "title_Haulingort 30",
    "title_Haupstr. 2",
    "title_Hauptstr. 10",
    "title_Hauptstr. 14",
    "title_Hauptstr. 18",
    "title_Hauptstr. 34",
    "title_Hauptstr. 490",
    "title_Hauptstr. gg\u00fc 20",
    "title_Hauptstrasse 21",
    "title_Hauptstra\u00dfe 113",
    "title_Hauptstra\u00dfe 117",
    "title_Hauptstra\u00dfe 17",
    "title_Hauptstra\u00dfe 22",
    "title_Hauptstra\u00dfe 34",
    "title_Hauptstra\u00dfe 43",
    "title_Hauptstra\u00dfe 48",
    "title_Hauptstra\u00dfe 51",
    "title_Hauptstra\u00dfe 60",
    "title_Hauptstra\u00dfe 70",
    "title_Hauptstra\u00dfe 95",
    "title_Haus am Strom",
    "title_Haus des Gastes / Am Stadion",
    "title_Hebbelstra\u00dfe 11 - 15",
    "title_Hegelstra\u00dfe 19",
    "title_Hegelstra\u00dfe 4",
    "title_Heidelerchenallee 0",
    "title_Heidestra\u00dfe 5",
    "title_Heideweg 25",
    "title_Heideweg 3",
    "title_Heidhauser Stra\u00dfe 257",
    "title_Heidkamp 10",
    "title_Heidmark 1",
    "title_Heidtorstra\u00dfe",
    "title_Heilmannring",
    "title_Heinemannhof",
    "title_Heinestr. 1",
    "title_Heinrich-Heine-Stra\u00dfe 7",
    "title_Heinrich-Horten-Str. 50",
    "title_Heinrich-L\u00fcbke-Stra\u00dfe 4",
    "title_Heinrich-Sommer-Stra\u00dfe 4",
    "title_Heizkraftwerk TU Clausthal",
    "title_Helenenstra\u00dfe 3",
    "title_HellensteinBad aquarena",
    "title_Hellweg",
    "title_Hellweg 15",
    "title_Helmstra\u00dfe 50",
    "title_Hemkerstr. 9",
    "title_Henri-Dunant-Stra\u00dfe gg\u00fc. 78",
    "title_Henrik Ibsen Str. 20a",
    "title_Hepstedter Stra\u00dfe 9",
    "title_Herderstra\u00dfe 1",
    "title_Herforder Str. 126",
    "title_Herforder Str. 197",
    "title_Herforder Str. 30",
    "title_Hermann-Allmers-Str. 1x",
    "title_Hermann-Seidel-Str. 63",
    "title_Hermann-Weinhauser-Stra\u00dfe",
    "title_Herrengraben 74",
    "title_Herringer Markt",
    "title_Herringer Weg 24",
    "title_Herzberger Landstra\u00dfe 59",
    "title_Hindenburgstra\u00dfe 24",
    "title_Hinter der Mauer 900",
    "title_Hinterm Wall gegen\u00fcber Hausnr. 15",
    "title_Hirschberger Str. 2",
    "title_Hirsestra\u00dfe 11",
    "title_Hofweg 44",
    "title_Hohe Str. 17",
    "title_Hohefeldweg 23",
    "title_Hoheluftchaussee 167",
    "title_Holdorfer Stra\u00dfe 12",
    "title_Hollerstr./ Ecke Konrad Adenauer-Str.",
    "title_Holm 1",
    "title_Holmer Str. bei 2",
    "title_Holsteiner Chaussee 190",
    "title_Holsteiner Chaussee 49",
    "title_Holsteinische Str. 19",
    "title_Holstenstra\u00dfe 5-7",
    "title_Holsterhauser Stra\u00dfe 210",
    "title_Holtwicker Stra\u00dfe",
    "title_Holtwicker Stra\u00dfe 1",
    "title_Holzberg 17",
    "title_Home",
    "title_Hooger F\u00e4hre",
    "title_Horster Str. 262",
    "title_Hotel Diehlberg (PowerGo)",
    "title_Hotel Kardinal Schulte Haus",
    "title_Hullerner Str. 45-49",
    "title_Husarenstra\u00dfe 6",
    "title_Husumer Stra\u00dfe 10",
    "title_Hyper.GROUP",
    "title_H\u00f6henweg 109",
    "title_H\u00fcfte 7",
    "title_H\u00fchnerposten 14",
    "title_H\u00fcttenweg / Parkplatz ",
    "title_IHK Rostock",
    "title_IKEA",
    "title_IONITY Aachener Land S\u00fcd",
    "title_IONITY Auetal Nord",
    "title_IONITY Auetal S\u00fcd",
    "title_IONITY Augsburg Ost",
    "title_IONITY Bad Camberg West",
    "title_IONITY Bayerischer Wald S\u00fcd",
    "title_IONITY Brohltal Ost",
    "title_IONITY Dollenberg Ost",
    "title_IONITY Donautal Ost",
    "title_IONITY Donautal West",
    "title_IONITY Frankenh\u00f6he Nord",
    "title_IONITY Frankenh\u00f6he S\u00fcd",
    "title_IONITY Friedberg",
    "title_IONITY Goldbach S\u00fcd",
    "title_IONITY Haidt Nord",
    "title_IONITY Haidt S\u00fcd",
    "title_IONITY Hamminkeln",
    "title_IONITY Heiligengrabe",
    "title_IONITY Katzenfurt S\u00fcd",
    "title_IONITY Lechwiesen Nord",
    "title_IONITY Lechwiesen S\u00fcd",
    "title_IONITY Lichtendorf S\u00fcd",
    "title_IONITY Linthe",
    "title_IONITY Ohligser Heide Ost",
    "title_IONITY Ohligser Heide West",
    "title_IONITY Ohrenbach Ost",
    "title_IONITY Ohrenbach West",
    "title_IONITY Ostetal Nord",
    "title_IONITY Ostetal S\u00fcd",
    "title_IONITY Pilsting",
    "title_IONITY Remscheid Ost",
    "title_IONITY Samerberg S\u00fcd",
    "title_IONITY Spessart Nord",
    "title_IONITY Th\u00fcringer Wald Nord",
    "title_IONITY Th\u00fcringer Wald S\u00fcd",
    "title_IONITY Wernberg-K\u00f6blitz",
    "title_IONITY Wolfsburg B\u00fcrozentrum Nord",
    "title_IONITY-Ladestation",
    "title_Ibachstra\u00dfe",
    "title_Ibbenb\u00fcrener Str. 20",
    "title_Iburger Str. 6",
    "title_Iburger Stra\u00dfe 173",
    "title_Ikarusstra\u00dfe",
    "title_Ilsestr. 7",
    "title_Im Bruch 5",
    "title_Im Gewerbepark",
    "title_Im Kampe 16",
    "title_Im Technologiepark 25",
    "title_Im Teelbruch 105",
    "title_Im Wietloh 1a",
    "title_Im langen Schlage 40",
    "title_Imbrosweg",
    "title_In den Erlen 20",
    "title_In der Alten Kaserne 2",
    "title_In der Lake 2",
    "title_Industrie- und Handelskammer (IHK)",
    "title_Industriering 17",
    "title_Industriestr. 19",
    "title_Industriestrasse 47",
    "title_Industriestra\u00dfe 13",
    "title_Industriestra\u00dfe 15 / McDonalds",
    "title_Industriestra\u00dfe 3 - Kaufland",
    "title_Industriestra\u00dfe 38",
    "title_Ionity Aichstetten",
    "title_Ionity Autohof Porta Westfalica ",
    "title_Ionity Bitterfeld-Wolfen",
    "title_Ionity Bornheim",
    "title_Ionity Breuna",
    "title_Ionity Castrop Rauxel",
    "title_Ionity Dettelbach",
    "title_Ionity Dietmannsried",
    "title_Ionity Eching",
    "title_Ionity Friedrichshafen",
    "title_Ionity Garching",
    "title_Ionity Kaiserslautern",
    "title_Ionity Kirchheim (Tal) 2",
    "title_Ionity Knetzgau",
    "title_Ionity Kn\u00fcllwald",
    "title_Ionity Leinefelde-Worbis",
    "title_Ionity Marl",
    "title_Ionity Meerane",
    "title_Ionity Merklingen",
    "title_Ionity M\u00fchldorf",
    "title_Ionity Oberhausen",
    "title_Ionity Oberhonnefeld",
    "title_Ionity Oberkr\u00e4mer",
    "title_Ionity Oelde",
    "title_Ionity Paderborn",
    "title_Ionity Polch",
    "title_Ionity Quickborn",
    "title_Ionity Rostock",
    "title_Ionity Wenningstedt",
    "title_Ionity Werneck",
    "title_Ionity Wismar",
    "title_Ionity Wittenburg",
    "title_Ionity Wittlich",
    "title_Ionity Zella-Mehlis",
    "title_Isarhoch Workresort",
    "title_JET Charging Station",
    "title_Jacobsenweg 4",
    "title_Jakob - Koenen - Stra\u00dfe 2",
    "title_Jakob-Kaiser-Str.",
    "title_Jarmener Chaussee 1d",
    "title_Johann-Gottlob-Nathusius-Str. 1",
    "title_Johannstr. 1",
    "title_Joliot-Curie-Allee 25",
    "title_Josef-Buchholz-Stra\u00dfe 12",
    "title_Josefstra\u00dfe 1",
    "title_Joseph-R\u00fcther-Stra\u00dfe",
    "title_Juistweg 15",
    "title_Junkersfeld 1",
    "title_KL Energie  Ladepark Golfclub Haus Bey",
    "title_Kagelbusch 1",
    "title_Kaiserswerther Str. 380",
    "title_Kalkberger Str. 189",
    "title_Kamperdickstra\u00dfe (20)",
    "title_Kanalstr II 1a",
    "title_Kandinskyallee 11",
    "title_Kapellenstra\u00dfe gg\u00fcb. 24",
    "title_Kapellenweg 42",
    "title_Kapitelplatz 8",
    "title_Karl-Hillers-Stra\u00dfe 10",
    "title_Karl-Liebknechtstra\u00dfe 13",
    "title_Karl-R\u00fchlemann Platz 1",
    "title_Karnaper Stra\u00dfe 141",
    "title_Kastanienallee 15",
    "title_Kaufland",
    "title_Kaufland Hecklinger Str.",
    "title_Kaydeich 16",
    "title_Kentangente 2",
    "title_Kerpen Supercharger",
    "title_Kettlerstra\u00dfe 6",
    "title_Kiefernweg 5",
    "title_Kiefholzstr. 386",
    "title_Kieler Chaussee",
    "title_Kieler Str. 595a",
    "title_Kielerstr. 310",
    "title_Kinopolis Koblenz",
    "title_Kirchbornstra\u00dfe",
    "title_Kirchhoffstra\u00dfe bei Nr. 4",
    "title_Kirchlinderstr. 1",
    "title_Kirchplatz 4",
    "title_Kirchstra\u00dfe 13",
    "title_Kirchstra\u00dfe 5",
    "title_Kirchstra\u00dfe 99",
    "title_Kirchstra\u00dfe bei Nr. 34",
    "title_Kirchweg 60",
    "title_Kisdorfer Weg 13",
    "title_Kleiner Sch\u00e4ferkamp gg\u00fc. 38",
    "title_Klingenbergstrasse1",
    "title_Kl\u00f6cknerstra\u00dfe 14",
    "title_Kolb\u00e4cker Stra\u00dfe",
    "title_Konrad- Adenauer- Platz",
    "title_Koopmannsweg 1",
    "title_Kopernikusstrasse 10",
    "title_Koppelstr. 39",
    "title_Kornelim\u00fcnster ",
    "title_Krayer Stra\u00dfe 244",
    "title_Kringsgat 15",
    "title_Krochmannstra\u00dfe 53",
    "title_Kruppstr. 2 b",
    "title_Kuhheide 34b",
    "title_Kulturstra\u00dfe 37",
    "title_Kurt-A.-K\u00f6rber-Chaussee 5",
    "title_Kurt-Schumacher-Ring 226",
    "title_Kurt-Schumacher-Stra\u00dfe 17",
    "title_K\u00e4the-Kollwitz-Str. 14",
    "title_K\u00f6ln-Stammheim",
    "title_K\u00f6lner Str. 8",
    "title_K\u00f6lzower Chaussee 1",
    "title_K\u00f6nigsbr\u00fccker Stra\u00dfe 66",
    "title_K\u00f6nigsreihe 4",
    "title_K\u00f6nigstra\u00dfe 52",
    "title_K\u00f6sters Gang 11",
    "title_LEAP24 Charging Station",
    "title_LIDL Parkplatz",
    "title_LPG-Stra\u00dfe",
    "title_Ladelaterne Beekestrasse",
    "title_Ladestart H7",
    "title_Ladestation Dr\u00f6mlingsklause",
    "title_Ladestation Handwerkerring 18",
    "title_Ladestation f\u00fcr Elektrofahrzeuge ",
    "title_Ladestra\u00dfe 2",
    "title_Ladestra\u00dfe 4",
    "title_Lades\u00e4ule Bahnhof",
    "title_Laerer Landweg 152/154",
    "title_Lambertiplatz 1",
    "title_Landeskirchenamt",
    "title_Landhotel Gasthof Sch\u00fctte",
    "title_Landratsamt Heidenheim - KfZ-Zulassungsbeh\u00f6rde",
    "title_Landratsamt Heidenheim - Mitarbeiter-Parkplatz",
    "title_Landsberger Chaussee 17",
    "title_Landstra\u00dfe 22",
    "title_Landvoigt-Johannsen-Stra\u00dfe 61",
    "title_Lange Dorfstra\u00dfe 2",
    "title_Lange Stra\u00dfe 9",
    "title_Langenheisch 27-29",
    "title_Langeoogweg 7",
    "title_Laterne Osteweg",
    "title_Laternenladepunkt Konkordiastra\u00dfe",
    "title_Lauenburger Stra\u00dfe 21",
    "title_Laufgraben 31",
    "title_Laugkfeld 28",
    "title_Laurentiusstr. 6",
    "title_Lausitzer Platz 1",
    "title_Leinetal 4",
    "title_Leipziger Stra\u00dfe 45b",
    "title_Lendringser Hauptstr. 71",
    "title_Lendringser Hauptstra\u00dfe 28 a",
    "title_Lerchenweg 24",
    "title_Leuchtturmstr. 3A",
    "title_Leuschnerdamm 1",
    "title_Levinstra\u00dfe 9",
    "title_Lewerentzstrasse 118",
    "title_Lichterfelder Ring 90",
    "title_Lichtwarckstra\u00dfe 10",
    "title_Lidl",
    "title_Lidl F\u00fcrstenbrunner Weg",
    "title_Lidl Kerpen",
    "title_Lidl Reinhardstr.",
    "title_Lidl supermarket",
    "title_Liebigstra\u00dfe 40",
    "title_Lilientalplatz 5a",
    "title_Lindberghring 14",
    "title_Lindenallee 1a",
    "title_Lindenberg Kaufmarkt Parkplatz",
    "title_Lindenbergerstra\u00dfe 1",
    "title_Lindenstra\u00dfe 10",
    "title_Lindenstra\u00dfe 253",
    "title_Lingener Stra\u00dfe 20",
    "title_Lohbekstieg 32",
    "title_Lokstedter Steindamm 33",
    "title_Lotharstra\u00dfe 65",
    "title_Lotter Stra\u00dfe 43",
    "title_Louis-Schmetzer-Str. 4",
    "title_Louise-Schroeder-Stra\u00dfe 26",
    "title_Ludwig - Erhard - Str. 4",
    "title_Ludwig-Erhard-Stra\u00dfe 17",
    "title_Ludwigsluster Str. 21",
    "title_Ludwigstra\u00dfe",
    "title_Lundenbergweg 3",
    "title_Lutherstra\u00dfe 12",
    "title_L\u00f6hner Stra\u00dfe 315",
    "title_L\u00fcbecker Str. 1C",
    "title_L\u00fctjen Feldsweg 6a",
    "title_L\u00fcttenheisch 4",
    "title_L\u00fctzer Stra\u00dfe 31",
    "title_MVZ Gemeinschaftslabor Cottbus",
    "title_Maangarten 22",
    "title_Magdeburger Stra\u00dfe 57",
    "title_Mahlsdorferstr. 82",
    "title_Mandelstra\u00dfe 12",
    "title_Manfred-Roth-Stra\u00dfe 4",
    "title_Mansardtstr. 74",
    "title_Manteuffelstra\u00dfe",
    "title_Marchlewski-Ring 129a",
    "title_Margot Engelke Zentrum",
    "title_Margueritenweg 9",
    "title_Marialinden Friedhof - Stadtwerke Overath",
    "title_Marienstr. 6",
    "title_Marienstra\u00dfe 11",
    "title_Markant Tankstelle",
    "title_Markgrafenstr. 33",
    "title_Markt 1",
    "title_Markt 1 R\u00f6tha (PowerGo)",
    "title_Markt 13",
    "title_Markt 14",
    "title_Markt 20",
    "title_Markt 999Z",
    "title_Marktplatz",
    "title_Marktplatz 1",
    "title_Marktstra\u00dfe 13",
    "title_Marktstra\u00dfe 8",
    "title_Martin-Andersen-Nex\u00f6-Platz",
    "title_Martin-Vierengel-Stra\u00dfe",
    "title_Martinistr. 52b",
    "title_Martinistr.52",
    "title_Martinistra\u00dfe",
    "title_Martinsriether Weg 2",
    "title_Masche 0",
    "title_Maschek Automobile VolkswagenWackersdorf",
    "title_Mathilde-Kaiser-Stra\u00dfe 42",
    "title_Matthias-Claudius-Stra\u00dfe 1",
    "title_Mauritz 64",
    "title_Max-Planck-Ring 70",
    "title_Max-Planck-Str 16",
    "title_Maytoft 1",
    "title_Mc Donalds",
    "title_McDonald's",
    "title_McDonald's / Petersberg",
    "title_McDonald's / W\u00f6rth an der Donau",
    "title_McDonald's Burgwedel",
    "title_McDonald's EWE Go",
    "title_McDonald's Sindorf",
    "title_McDonald's Zella-Mehlis",
    "title_McDonalds",
    "title_Meesmannstr. 47",
    "title_Mehlbydiek 23",
    "title_Meiereistra\u00dfe 5",
    "title_Mellumweg 4",
    "title_Mergenthalerstra\u00dfe 24",
    "title_Merseburger Stra\u00dfe 135",
    "title_Merseburgerstra\u00dfe 104",
    "title_Mersinweg 2 -4",
    "title_Michaelstein 0",
    "title_Mirander Stra\u00dfe",
    "title_Mittelstra\u00dfe 2",
    "title_Moltkestra\u00dfe 16",
    "title_Moltkestra\u00dfe 18",
    "title_Moltkestra\u00dfe 20",
    "title_Moltkestra\u00dfe 21",
    "title_Moltkestra\u00dfe 22",
    "title_Mommsenstra\u00dfe 13",
    "title_Moorhof",
    "title_Moorinformationszentrum MOORiZ",
    "title_Mosskamp 27",
    "title_Munketoft 23c",
    "title_M\u00f6hnestra\u00dfe 10",
    "title_M\u00f6llner Landstra\u00dfe 13",
    "title_M\u00f6llner Landstra\u00dfe 30",
    "title_M\u00f6rikestr. 10",
    "title_M\u00fchlenkamp 61",
    "title_M\u00fchlenstra\u00dfe",
    "title_M\u00fchlenstra\u00dfe 11",
    "title_M\u00fchlenstra\u00dfe 135",
    "title_M\u00fchlenstra\u00dfe 27",
    "title_M\u00fchlenweg 67",
    "title_M\u00fcller & Egerer Wei\u00dfenmoorstra\u00dfe 297",
    "title_M\u00fcnsterer Str. 51",
    "title_M\u00fcnsterstr. 19",
    "title_M\u00fcritz Ferienpark",
    "title_N-Ergie Betriebsgel\u00e4nde",
    "title_Nachodstr. 2",
    "title_Nagelshof 60",
    "title_Nagelshof 69",
    "title_Nahmitzer Damm",
    "title_NaturFreund",
    "title_Nelhiebel Elektrotechnik",
    "title_Nelly Sachs Stra\u00dfe 4",
    "title_Neptunstra\u00dfe 16",
    "title_Neue H\u00fcnxer Str. 22",
    "title_Neue Stra\u00dfe 19",
    "title_Neuenhagener Str. 48",
    "title_Neuenteicher Weg",
    "title_Neuer Weg 15",
    "title_Neuer Weg Ecke Frascati Platz",
    "title_Nieberdingstr. 43",
    "title_Niederdonkerstra\u00dfe",
    "title_Niedersachsenstr. 19 A",
    "title_Niedersachsenweg 25",
    "title_Nikolausberger Weg 39",
    "title_Nobermanns Hude 2",
    "title_Nollenburger Weg 34z",
    "title_Noltengasse 8",
    "title_Nonnendammallee 175",
    "title_Nonnengasse",
    "title_Nordbahnhofstra\u00dfe 7",
    "title_Nordener Stra\u00dfe 1",
    "title_Norderneyweg 1",
    "title_Nordh\u00e4user Str./Johannisplatz 14",
    "title_Nordring 1",
    "title_Nordwall 3",
    "title_Nuhnenstra\u00dfe 7",
    "title_OMV Tankstelle / Wackersdorf",
    "title_OMV Tankstelle Sulzbacher Stra\u00dfe",
    "title_Oberfeldstra\u00dfe ",
    "title_Obernstra\u00dfe 38",
    "title_Oderstra\u00dfe 1",
    "title_Oktan Tankstelle Nadorster Stra\u00dfe ",
    "title_Oldenburgerstra\u00dfe",
    "title_Oldesloer Stra\u00dfe 5",
    "title_Osemundstr. 14-22",
    "title_Osnabr\u00fccker Stra\u00dfe 6",
    "title_Ostlandring 9",
    "title_Ostlandstr. 101",
    "title_Ostlandstr. 2a",
    "title_Ostmoorweg 1",
    "title_Ostsee-Park-Str. 3",
    "title_P&R Ittersbach Industrie",
    "title_PFALZWERKE - Sinsheim, Hornbach III",
    "title_PFL",
    "title_PH Klinik Rintelner Stra\u00dfe 85",
    "title_Paderborner Tor 123",
    "title_Paderborner Tor 169",
    "title_Pankeborn 5",
    "title_Pankstr. 72",
    "title_Papenburger Stra\u00dfe 5",
    "title_Papenstra\u00dfe 94",
    "title_Park-Hotel Bilm im Gl\u00fcck",
    "title_Parkallee 36",
    "title_Parkhaus Pomologie",
    "title_Parkhaus Sportschule Hennef",
    "title_Parkplatz",
    "title_Parkplatz Brenzstra\u00dfe ",
    "title_Parkplatz Edeka Center ",
    "title_Parkplatz Fa K D\u00f6rflinger",
    "title_Parkplatz Feldstra\u00dfe Ecke Bergstra\u00dfe",
    "title_Parkplatz Gewerbegebiet Hafendorf / Rechlin",
    "title_Parkplatz Hauptstra\u00dfe",
    "title_Parkplatz Hotel Rh\u00f6nblick",
    "title_Parkplatz In der Schla; Winterberger Stra\u00dfe 4",
    "title_Parkplatz MTV Gro\u00df-Buchholz",
    "title_Parkplatz Ostbaarhalle",
    "title_Parkplatz Paderborner Strasse ",
    "title_Parkplatz Stadtfriedhof Lahe",
    "title_Parkplatz Stadtfriedhof Seelhorst",
    "title_Parkplatz am Z\u00fcndorfbad",
    "title_Parkplatz an der Baumgartenbr\u00fccke ",
    "title_Pastor-Dr.-Fuchs-Weg",
    "title_Paul-Ehrlich-Str. 1-3",
    "title_Paul-Gerhardt Stra\u00dfe 15z",
    "title_Paulinenstra\u00dfe / Ecke Breite Stra\u00dfe",
    "title_Pa\u00dfweg 3",
    "title_Pendlerparkplatz Wismar-Mitte",
    "title_Penny BGS-Siedlung",
    "title_Peter-Henlein-Stra\u00dfe",
    "title_Petersberg 3, 99084 Erfurt",
    "title_Pfalzwerke",
    "title_Pfalzwerke Hornbach Schwabach",
    "title_Pfalzwerke Rossmann",
    "title_Pfarrlandstra\u00dfe",
    "title_Pfefferh\u00f6he",
    "title_Philipp-Otto-Runge-Platz ",
    "title_Pierbusch 6",
    "title_Pirolweg 11",
    "title_Pistoriusstr. 66-67",
    "title_Planckstra\u00dfe 1",
    "title_Plautstra\u00dfe 40b",
    "title_Poppauer Str. 37",
    "title_Porsche Zentrum Hamburg Nord-West",
    "title_Posadowskyanlagen 7",
    "title_Posthausen 11",
    "title_Postheide 34",
    "title_Poststra\u00dfe",
    "title_Poststra\u00dfe 175",
    "title_Poststra\u00dfe 70",
    "title_Poststra\u00dfe gg\u00fcb. 3",
    "title_Potsdamer Allee 38",
    "title_Potsdamer Str. 97",
    "title_Poucher Dorfplatz 2",
    "title_Prenzlauer Promenade 46",
    "title_Prinzenallee 75",
    "title_Prinzenstra\u00dfe 11",
    "title_Prinzenstra\u00dfe 2",
    "title_Professor-Kohlrausch-Stra\u00dfe 999",
    "title_Professor-von-Klitzing-Stra\u00dfe 9",
    "title_Provinzstr. 30",
    "title_Q1 Autostrom",
    "title_Q1 Autostrom - Osnabr\u00fcck, B\u00fcrener Str.",
    "title_Quedlingburger Weg",
    "title_REWE",
    "title_REWE Center",
    "title_Raffelberger Stra\u00dfe 19",
    "title_Raiffeisenweg 2",
    "title_Ramlerstr. 1",
    "title_Rasthof Recknitz-Niederungen Ost",
    "title_Rathaus Uetze",
    "title_Rathausplatz",
    "title_Rathausplatz 5",
    "title_Rautenstrauchstra\u00dfe 62",
    "title_Ravensbergerstr. 20",
    "title_Recklingh\u00e4user Str. 174",
    "title_Recklingh\u00e4user Str. 49a",
    "title_Reeshoop 47",
    "title_Refflingser Str. 2",
    "title_Regensburger Stra\u00dfe",
    "title_Rellinghauser Stra\u00dfe (Bhf) 177",
    "title_Remerscheider Stra\u00dfe 14",
    "title_Remse 26",
    "title_Rendsburger Landstr. 360",
    "title_Rendsburger Str. 121",
    "title_Rendsburger Str. 51",
    "title_Restaurant Alter Krug",
    "title_Restaurant Fischerh\u00fctte Waldmohr",
    "title_Reudener Stra\u00dfe 87",
    "title_Rheiner Landstra\u00dfe",
    "title_Rheiner Str. 7",
    "title_Rheinhessen Center",
    "title_Richard-Sorge-Str. 30 - 32",
    "title_Richterstra\u00dfe Stadtwerke",
    "title_Riesaer Str. 2",
    "title_Riesebergstra\u00dfe",
    "title_Rimbergweg 6",
    "title_Ringstra\u00dfe",
    "title_Ringstra\u00dfe 9",
    "title_Riststra\u00dfe 3",
    "title_Ritterhuder Str. 55",
    "title_Ritterhuder Stra\u00dfe 56",
    "title_Robert-Koch-Stra\u00dfe",
    "title_Robert-Koch-Stra\u00dfe 2",
    "title_Robert-R\u00f6ssle-Stra\u00dfe 10",
    "title_Roedernallee 49-50",
    "title_Rog\u00e4tzer Str. 23",
    "title_Roller M\u00f6bel",
    "title_Romain-Rolland-Str. 13",
    "title_Rosa-Luxemburg-Str.",
    "title_Roseggerstr. 14",
    "title_Rosenstr. 56",
    "title_Rosenstra\u00dfe",
    "title_Rosenstra\u00dfe 14",
    "title_Rossfeld 78",
    "title_Rostocker Stra\u00dfe 3",
    "title_Rotes H\u00e4uschen 15",
    "title_Rudolf-Mosse-Stra\u00dfe",
    "title_Rugenbarg 84",
    "title_Ruhrorter Str. 53",
    "title_Rulantica Parkplatz",
    "title_Ruthkamp 71",
    "title_STWB_Technische Hochschule_2",
    "title_SWD Belsenstra\u00dfe",
    "title_SWD Dominikanerstra\u00dfe 39",
    "title_SWD Drakeplatz 1",
    "title_SWD D\u00fcsseldorfer Stra\u00dfe",
    "title_SWD Kaiser-Wilhelm-Ring",
    "title_SWD Lewitstra\u00dfe",
    "title_SWD Lotsenweg",
    "title_SWD Luegallee",
    "title_SWD Luegplatz",
    "title_SWD Netto Oberkassel",
    "title_SWD Niederkasseler Stra\u00dfe",
    "title_SWD Quirinstra\u00dfe",
    "title_SWD Salierstra\u00dfe 31",
    "title_SWD Salierstra\u00dfe 34",
    "title_SWU Ladestation ",
    "title_Sachsenring 4",
    "title_Salomon-Gottlob-Frentzel-Stra\u00dfe",
    "title_Salz\u00e4ckerstra\u00dfe 4",
    "title_Samsweger Stra\u00dfe 22",
    "title_Samurerplatz",
    "title_Sandbahn 9",
    "title_Sandbreite 1",
    "title_Sandstr. 29",
    "title_Sandstra\u00dfe",
    "title_Sankt-Martin-Stra\u00dfe 12",
    "title_Schauinsland Reisen",
    "title_Scheibenstra\u00dfe 2",
    "title_Scheppmannskamp 5",
    "title_Schiemannstra\u00dfe 2",
    "title_Schiffahrter Damm 139",
    "title_Schiffbeker Weg 90/92",
    "title_Schillerstr. 10",
    "title_Schillingallee 71",
    "title_Schimmelmannstra\u00dfe 70",
    "title_Schlagvorder Stra\u00dfe 15",
    "title_Schlauden 26",
    "title_Schlavenhorst 25",
    "title_Schleswiger Str. 10",
    "title_Schlickweg",
    "title_Schloss 0",
    "title_Schloss 14",
    "title_Schlo\u00dfplatz",
    "title_Schmiedegass 1 (Parkplatz)",
    "title_Schnackenburg Allee 12",
    "title_Schnackenburgallee 153",
    "title_Schob\u00fcller Weg 2",
    "title_Schr\u00f6ders Koppel 10",
    "title_Schr\u00f6derstr. 9",
    "title_Schubertweg 13-17",
    "title_Schulberg 2",
    "title_Schulring 2",
    "title_Schulstr. 2a",
    "title_Schulstr. 61",
    "title_Schulstra\u00dfe (Parkplatz) 4",
    "title_Schulstra\u00dfe 1",
    "title_Schulstra\u00dfe 18",
    "title_Schulstra\u00dfe 2",
    "title_Schulstra\u00dfe 43 A",
    "title_Schwarzmoorstra\u00dfe 9",
    "title_Schweriner Stra\u00dfe",
    "title_Schwimmweg 2 40",
    "title_Sch\u00f6nningstedter Stra\u00dfe 74",
    "title_Sch\u00f6nsland bei Nr. 2",
    "title_Sch\u00fctzenstra\u00dfe 67",
    "title_Score Tankstelle ",
    "title_Sechsheldener Stra\u00dfe",
    "title_Seeburger Str. 27",
    "title_Seegefelder Weg 391",
    "title_Seestra\u00dfe 1",
    "title_Seestra\u00dfe 15",
    "title_Seestra\u00dfe 20",
    "title_Seestra\u00dfe 83",
    "title_Segeberger Chaussee 74a",
    "title_Segenh\u00f6rn",
    "title_Seidl Energy Ladestation",
    "title_Semperstra\u00dfe 43",
    "title_Sendlinger Tor",
    "title_Senftenberger Str. 1",
    "title_Senge-Platten-Str. 10a",
    "title_Shell",
    "title_Shell Nettetal",
    "title_Shell Poppenbuettel",
    "title_Shell Recharge",
    "title_Shell Recharge Ladestation",
    "title_Shell Recharge Steyler Stra\u00dfe",
    "title_Shell Station",
    "title_Shell Tankstelle ",
    "title_Shell Tankstelle Kanalsstrasse M\u00fchlacker",
    "title_Sibyllastra\u00dfe",
    "title_Siegh\u00fctter Hauptweg Kaufland",
    "title_Siemensring 8",
    "title_Siemensstr. 19+26",
    "title_Siemensstr. 30",
    "title_Siemensstr. 4",
    "title_Siemensstra\u00dfe 2",
    "title_Silbersee",
    "title_Simonsberger Strasse 22",
    "title_Soester Strasse 65",
    "title_SolarLoader+ Ladesation",
    "title_SolarLoader+ Ladestation",
    "title_SolarLoder+ Ladestation",
    "title_Soltausredder 21",
    "title_Sonnenstrasse",
    "title_Sophie-Charlotten-Str. 55",
    "title_Sophienstr. 5",
    "title_Sophienstra\u00dfe 1",
    "title_Sorat Charging Station",
    "title_Soul Kitchen",
    "title_Spandauer Stra\u00dfe 31",
    "title_Spiegelberg 22",
    "title_Spielplatz CampusKISTE",
    "title_Spielplatz Kleinhennersdorf",
    "title_Spitalparkplatz (P1)",
    "title_Sprint Tankstelle",
    "title_Sp\u00e4thstr. 162",
    "title_St. Petri Kirche Steinwedel",
    "title_StWB_Domkietz",
    "title_StWB_Molkenmarkt",
    "title_StWB_Parkhaus Marienbad",
    "title_StWB_Paulikloster",
    "title_StWB_Regattastrecke",
    "title_StWB_Vereinsstra\u00dfe",
    "title_StWB_Wiesenweg",
    "title_Stader Stra\u00dfe 55-63",
    "title_Stadion FCH ",
    "title_Stadtfriedhof Ricklingen",
    "title_Stadtweg 160",
    "title_Stadtwerke Dachau",
    "title_Stadtwerke Heidenheim AG - EcoMe Hotel SWH ",
    "title_Stadtwerke Heidenheim AG - Lades\u00e4ule Kino-Center SWH ",
    "title_Stadtwerke Heidenheim AG - Lades\u00e4ule Turn- und Festhalle Gro\u00dfkuchen",
    "title_Stadtwerke Heidenheim AG - Turnhalle Oggenhausen",
    "title_Stadtwerke Heidenheim AG -Lades\u00e4ule Turn- und Festhalle Gro\u00dfkuchen",
    "title_Stadtwerke Lippstadt",
    "title_Stakendorfertor 41",
    "title_Stammheimer Ring",
    "title_Stapelholmer Weg",
    "title_Steilshooper Stra\u00dfe 260",
    "title_Steinfurther Stra\u00dfe 46",
    "title_Steinreye 6B",
    "title_Steinstra\u00dfe 1",
    "title_Steinstra\u00dfe 4a",
    "title_Steinweg 25Y",
    "title_Stettiner Stra\u00dfe / Stegem\u00fchlenweg",
    "title_Stiftsberg - Bildungs- und Freizeitzentrum",
    "title_Stormarnstra\u00dfe 35",
    "title_Strandallee/Ecke Hellweg",
    "title_Strandpromenade 21",
    "title_Strandstra\u00dfe 20",
    "title_Stra\u00dfburger Str. 26",
    "title_Stra\u00dfe der Opfer des Faschismus 7",
    "title_Stresemannstra\u00dfe 37",
    "title_Stresemannstra\u00dfe 46",
    "title_Strichweg 50",
    "title_Strom-Tankstelle",
    "title_Stromnetz Hamburg Hellkamp",
    "title_Stubenrauchstr. 25",
    "title_St\u00fcve Stra\u00dfe 26",
    "title_Sudermannstr. 2",
    "title_Sudetenstra\u00dfe",
    "title_Supercharger Autohof Northeim",
    "title_Supercharger Dietmannsried",
    "title_Supermarkt Kaufland",
    "title_Supermarkt Rewe und Aldi",
    "title_S\u00f6seweg 14",
    "title_S\u00fcderstr. 1",
    "title_S\u00fcderstr. 33",
    "title_S\u00fcdring 19",
    "title_S\u00fcdring 8",
    "title_S\u00fcdstrand",
    "title_S\u00fcdstrand 1",
    "title_S\u00fcdstra\u00dfe 3",
    "title_T&S Stausee Oberwald (PowerGo)",
    "title_TESLA Supercharger Frechen (Tesla Only)",
    "title_TG Congress Centrum",
    "title_Tangstedter Landstra\u00dfe 545-547",
    "title_Tarpenbekstra\u00dfe 47a",
    "title_Taunusstra\u00dfe 1",
    "title_Tecklenburger Stra\u00dfe 11",
    "title_Tegelsbarg",
    "title_Tegernseer Landstra\u00dfe",
    "title_Tempelhofer Damm 130",
    "title_Tempelhofer Damm 45",
    "title_Tesla Supercharger Achim-Ost",
    "title_Tesla Supercharger Allershausen",
    "title_Tesla Supercharger Altdorf",
    "title_Tesla Supercharger Augsburg",
    "title_Tesla Supercharger Augsburg-Haunstetten",
    "title_Tesla Supercharger Bad Oeynhausen",
    "title_Tesla Supercharger Baden-Baden",
    "title_Tesla Supercharger Bayreuth",
    "title_Tesla Supercharger Bensheim",
    "title_Tesla Supercharger Berchtesgaden",
    "title_Tesla Supercharger Bergkamen",
    "title_Tesla Supercharger Berlin",
    "title_Tesla Supercharger Bernau am Chiemsee - Felden",
    "title_Tesla Supercharger Bielefeld",
    "title_Tesla Supercharger Bielefeld - Beckhaus Center",
    "title_Tesla Supercharger Bispingen-Behringen",
    "title_Tesla Supercharger Bissendorf",
    "title_Tesla Supercharger Bitterfeld",
    "title_Tesla Supercharger Bochum",
    "title_Tesla Supercharger Bonn",
    "title_Tesla Supercharger Braunschweig",
    "title_Tesla Supercharger Bremen",
    "title_Tesla Supercharger Brunnthal",
    "title_Tesla Supercharger Burgdorf",
    "title_Tesla Supercharger B\u00f6blingen",
    "title_Tesla Supercharger B\u00fchl",
    "title_Tesla Supercharger Chemnitz-Center",
    "title_Tesla Supercharger Dasing",
    "title_Tesla Supercharger Denkendorf",
    "title_Tesla Supercharger Dortmund-Nord",
    "title_Tesla Supercharger D\u00fcsseldorf - Ando Campus",
    "title_Tesla Supercharger Ebersdorf bei Coburg",
    "title_Tesla Supercharger Eching",
    "title_Tesla Supercharger Eging am See",
    "title_Tesla Supercharger Eichenzell",
    "title_Tesla Supercharger Eimeldingen",
    "title_Tesla Supercharger Eislingen/Fils",
    "title_Tesla Supercharger Elmshorn",
    "title_Tesla Supercharger Endsee",
    "title_Tesla Supercharger Erlangen",
    "title_Tesla Supercharger Eschborn - Ginnheimer Stra\u00dfe",
    "title_Tesla Supercharger Eschweiler",
    "title_Tesla Supercharger Essen",
    "title_Tesla Supercharger Feucht",
    "title_Tesla Supercharger Frankfurt",
    "title_Tesla Supercharger Friedrichsdorf",
    "title_Tesla Supercharger F\u00fcrstenfeldbruck",
    "title_Tesla Supercharger F\u00fcrth",
    "title_Tesla Supercharger F\u00fcssen",
    "title_Tesla Supercharger Gelnhausen",
    "title_Tesla Supercharger Gelsenkirchen",
    "title_Tesla Supercharger Gera",
    "title_Tesla Supercharger Giessen",
    "title_Tesla Supercharger Gigafactory Berlin-Brandenburg",
    "title_Tesla Supercharger Gilching",
    "title_Tesla Supercharger Greding",
    "title_Tesla Supercharger Guxhagen",
    "title_Tesla Supercharger G\u00f6ttingen",
    "title_Tesla Supercharger Hamburg",
    "title_Tesla Supercharger Hamburg - L\u00fcbecker Strasse",
    "title_Tesla Supercharger Hamburg - Service Center",
    "title_Tesla Supercharger Hamburg-Eidelstedt",
    "title_Tesla Supercharger Hanau-West",
    "title_Tesla Supercharger Hannover ",
    "title_Tesla Supercharger Hattersheim",
    "title_Tesla Supercharger Hemsbach",
    "title_Tesla Supercharger Herborn",
    "title_Tesla Supercharger Herne",
    "title_Tesla Supercharger Herrieden",
    "title_Tesla Supercharger Hockenheim",
    "title_Tesla Supercharger Holdorf",
    "title_Tesla Supercharger Holzkirchen",
    "title_Tesla Supercharger Illertissen",
    "title_Tesla Supercharger Irxleben",
    "title_Tesla Supercharger Kaltenkirchen",
    "title_Tesla Supercharger Karlsruhe",
    "title_Tesla Supercharger Kassel",
    "title_Tesla Supercharger Kirchheim",
    "title_Tesla Supercharger Kleinostheim",
    "title_Tesla Supercharger Koblenz",
    "title_Tesla Supercharger Kornwestheim",
    "title_Tesla Supercharger Krefeld",
    "title_Tesla Supercharger K\u00f6ln - Carlswerk",
    "title_Tesla Supercharger K\u00f6ln Bonn Airport",
    "title_Tesla Supercharger K\u00f6sching",
    "title_Tesla Supercharger Langenhagen",
    "title_Tesla Supercharger Leer",
    "title_Tesla Supercharger Lehre",
    "title_Tesla Supercharger Leipzig",
    "title_Tesla Supercharger Leipzig-Flughafen",
    "title_Tesla Supercharger Limburg",
    "title_Tesla Supercharger Limburg an der Lahn",
    "title_Tesla Supercharger Lindau (Bodensee)",
    "title_Tesla Supercharger Linstow",
    "title_Tesla Supercharger Lohfelden",
    "title_Tesla Supercharger Ludwigshafen-Oggersheim",
    "title_Tesla Supercharger L\u00fcbeck",
    "title_Tesla Supercharger Magdeburg",
    "title_Tesla Supercharger Merklingen",
    "title_Tesla Supercharger Montabaur",
    "title_Tesla Supercharger Motorworld M\u00fcnchen",
    "title_Tesla Supercharger Mo\u0308nchengladbach",
    "title_Tesla Supercharger Murr",
    "title_Tesla Supercharger M\u00fclheim",
    "title_Tesla Supercharger M\u00fcnchen",
    "title_Tesla Supercharger M\u00fcnchen - OEZ",
    "title_Tesla Supercharger M\u00fcnster",
    "title_Tesla Supercharger Neudrossenfeld",
    "title_Tesla Supercharger Neum\u00fcnster",
    "title_Tesla Supercharger Neuss",
    "title_Tesla Supercharger Norden",
    "title_Tesla Supercharger Nottuln",
    "title_Tesla Supercharger N\u00f6rten-Hardenberg",
    "title_Tesla Supercharger N\u00fcrburgring",
    "title_Tesla Supercharger Oberhausen",
    "title_Tesla Supercharger Offenburg",
    "title_Tesla Supercharger Paderborn",
    "title_Tesla Supercharger Panketal",
    "title_Tesla Supercharger Peine",
    "title_Tesla Supercharger Pforzheim",
    "title_Tesla Supercharger Pfungstadt",
    "title_Tesla Supercharger Piding",
    "title_Tesla Supercharger Plattling",
    "title_Tesla Supercharger Plauen",
    "title_Tesla Supercharger Posthausen",
    "title_Tesla Supercharger Rade Appel",
    "title_Tesla Supercharger Regensburg - Ostenviertel",
    "title_Tesla Supercharger Reichertshofen",
    "title_Tesla Supercharger Reinfeld",
    "title_Tesla Supercharger Reiskirchen",
    "title_Tesla Supercharger Ringsheim",
    "title_Tesla Supercharger Rosenheim",
    "title_Tesla Supercharger Rostock-Bentwisch",
    "title_Tesla Supercharger R\u00fcsselsheim",
    "title_Tesla Supercharger Saarbr\u00fccken",
    "title_Tesla Supercharger Schierling",
    "title_Tesla Supercharger Schleiz",
    "title_Tesla Supercharger Schwandorf",
    "title_Tesla Supercharger Schwarzheide",
    "title_Tesla Supercharger Schwetzingen",
    "title_Tesla Supercharger Sittensen",
    "title_Tesla Supercharger Solingen",
    "title_Tesla Supercharger Soltau",
    "title_Tesla Supercharger Stuckenborstel",
    "title_Tesla Supercharger Sulzbach",
    "title_Tesla Supercharger Tiengen",
    "title_Tesla Supercharger Troisdorf",
    "title_Tesla Supercharger T\u00fcrkheim",
    "title_Tesla Supercharger Ursensollen",
    "title_Tesla Supercharger Vaterstetten",
    "title_Tesla Supercharger Viernheim",
    "title_Tesla Supercharger V\u00f6hringen",
    "title_Tesla Supercharger Waiblingen",
    "title_Tesla Supercharger Waltersdorf",
    "title_Tesla Supercharger Weiterstadt",
    "title_Tesla Supercharger Wertheim-Almosenberg",
    "title_Tesla Supercharger Wetzlar",
    "title_Tesla Supercharger Wiesbaden - \u00c4ppelallee",
    "title_Tesla Supercharger Wildau",
    "title_Tesla Supercharger Windischeschenbach",
    "title_Tesla Supercharger Winsen (Luhe)",
    "title_Tesla Supercharger Wuppertal",
    "title_Tesla Supercharger Wustermark - Karls Erlebnis-Dorf",
    "title_Tesla Supercharger Zusmarshausen",
    "title_Tesla Supercharger Zweibr\u00fccken",
    "title_Tesla Supercharger \u00d6hringen",
    "title_Theaterstra\u00dfe",
    "title_Theaterstra\u00dfe 0",
    "title_Theaterwall/Kasinoplatz",
    "title_Theeberg 29",
    "title_Theodor-Heuss-Allee 12",
    "title_Theresienstr.22",
    "title_Tholendorf 1",
    "title_Tiefgarage Raschplatz",
    "title_Tilly-Schanzen-Stra\u00dfe 15",
    "title_Tondernstra\u00dfe 24",
    "title_Toom Baumarkt",
    "title_Total - Friedenweiler",
    "title_Total - Mahlberg",
    "title_Trattendorfer Stra\u00dfe 5",
    "title_Trautenaustr. 13",
    "title_Travestra\u00dfe 28",
    "title_Trienendorfer Stra\u00dfe 8",
    "title_Trigema EnBW HPC",
    "title_Tschirnhausstra\u00dfe",
    "title_Turmweg 4",
    "title_Turmweg 5",
    "title_T\u00f6pferwall 22z",
    "title_Uebigauer Str. 7",
    "title_Uferstra\u00dfe",
    "title_Ulrichstr. 2a",
    "title_Ulzburger Stra\u00dfe 274",
    "title_UplandParcs Winterberg (PowerGo)",
    "title_Urbanstra\u00dfe 6",
    "title_Urlaub auf dem Lindnerhof",
    "title_Utspann Betriebs GmbH & Co. KG",
    "title_Vegesacker Heerstra\u00dfe 78",
    "title_Veilchenweg 10",
    "title_Veitstra\u00dfe 3",
    "title_Vennstra\u00dfe",
    "title_Viersener Stra\u00dfe 103",
    "title_Viktoriastr. 5",
    "title_Virchowstra\u00dfe 130",
    "title_Virta Autohaus Keller",
    "title_Voisweg 5b",
    "title_Voith-Arena",
    "title_Voith-Parkplatz LS ",
    "title_Volkmannsdorferau Feuerwehr",
    "title_Von-Humboldt-Str. 54",
    "title_Vornh\u00e4ger Str. 59",
    "title_Vornh\u00e4ger Stra\u00dfe 63",
    "title_Wagrierweg",
    "title_Waldbad Camping Isny (PowerGo)",
    "title_Waldecker Stra\u00dfe 27",
    "title_Waldhof 1",
    "title_Waldstra\u00dfe 3",
    "title_Walliser Stra\u00dfe 15",
    "title_Walpurgisstra\u00dfe 28-32",
    "title_Walther-Blohm-Str. 19-20",
    "title_Wankumer Str. 12",
    "title_Wannseestr. 7",
    "title_Warnstedtstra\u00dfe 10",
    "title_Wasserbreite 31",
    "title_Wasserwerksweg 18",
    "title_Wedemarker Str. 85a",
    "title_Wedenkamp 9",
    "title_Wegsfeld (Davenstedter Markt)",
    "title_Weimarer Str. 6",
    "title_Weinbergstra\u00dfe 9a",
    "title_Weingalerie am Einkaufspark",
    "title_Wei\u00dfestra\u00dfe",
    "title_Wendelsteinstra\u00dfe",
    "title_Werdener Str. 52",
    "title_Werderstra\u00dfe 38",
    "title_Werkstra\u00dfe 2",
    "title_Werminghoffstra\u00dfe 20",
    "title_Weserstr. 25",
    "title_Weserstra\u00dfe 13B",
    "title_Westenholzer Stra\u00dfe 5",
    "title_Westerheverstra\u00dfe 36",
    "title_Westerkappelner Str.; gg\u00fc Nr. 19",
    "title_Westfalen AG",
    "title_Westfalenstra\u00dfe 246",
    "title_Westring 11",
    "title_Wiefelsteder Stra\u00dfe 18",
    "title_Wiegbold 2",
    "title_Wiesenstra\u00dfe",
    "title_Wiesenstra\u00dfe 27",
    "title_Wiesenstra\u00dfe 5",
    "title_Wiesenstra\u00dfe 81-87",
    "title_Wildeshauser Str. 1",
    "title_Wilhelm- Leuschner- Stra\u00dfe",
    "title_Wilhelm-Stefen-Sta\u00dfe 2",
    "title_Wilhelm-Weber-Str. 4",
    "title_Wilhelmstr. 138",
    "title_Wilhelmstra\u00dfe 102",
    "title_Willy-Brandt-Platz 7",
    "title_Windeberger Landstr. 73",
    "title_Windheimstra\u00dfe",
    "title_Windm\u00fchlenstr. 19",
    "title_Wingertsberg",
    "title_Wings of Future",
    "title_Winkhausstra\u00dfe 1",
    "title_Winsener Str. 111",
    "title_Winsener Stra\u00dfe",
    "title_Wirrusstra\u00dfe 4",
    "title_Wittekindsweg 13",
    "title_Wittend\u00fcner Allee 19",
    "title_Wittener Stra\u00dfe 100",
    "title_Wittensteinstra\u00dfe 320",
    "title_Wittheck 1",
    "title_Wittower Stra\u00dfe 5",
    "title_Wittstocker Allee 151",
    "title_Wolfsburger Str. 72",
    "title_Wolfstalstra\u00dfe",
    "title_W\u00e4chterstra\u00dfe 28",
    "title_W\u00f6rrstadt Supercharger - Tesla",
    "title_W\u00fcllener Str. 87",
    "title_W\u00fcppings Weide 12",
    "title_Zeche Westfalen 1",
    "title_Zeissstra\u00dfe 4",
    "title_Zimbelstr. 4",
    "title_Zum Hochkamp 4",
    "title_Zum Kiebitzberg 2",
    "title_Zum Rauhen Berg 26",
    "title_Zum Rosenteich 14",
    "title_Zum Rotering 9-11",
    "title_Zum Spieksee 1",
    "title_Zum S\u00fcdtor 6",
    "title_Zum Walde 15",
    "title_Zum neuen Gehege 3",
    "title_Zwickauer Str. 3 z",
    "title_eLoaded Ladestation HoGaKa",
    "title_enbw Hafen",
    "title_m\u00f6nchgut living & spa",
    "title_n-ergie",
    "title_nur Gutes \u2014 Ladestation f\u00fcr Kunden",
    "title_tegut ",
    "title_von Steinen Stra\u00dfe 1",
    "title_vonovia Steinr\u00fcckweg",
    "region_Baden W\u00fcrttemberg",
    "region_Baden-W\u00fcrtemberg",
    "region_Baden-W\u00fcrttemberg",
    "region_Baden-W\u00fcrttemberg ",
    "region_Bavaria",
    "region_Bavarian",
    "region_Bayern",
    "region_Bayern ",
    "region_Berlin",
    "region_Brandenburg",
    "region_Bremen",
    "region_B\u00f6rde",
    "region_Dietmannsried",
    "region_Enzkreis",
    "region_Free State of Bavaria",
    "region_Free and Hanseatic City of Bremen",
    "region_GER",
    "region_Hamburg",
    "region_Hansestadt Bremen ",
    "region_Hesse",
    "region_Hessen",
    "region_Kreis Lippe",
    "region_Kreis Viersen",
    "region_Landkreis Erlangen-H\u00f6chstadt",
    "region_Landkreis Esslingen",
    "region_Landkreis Gie\u00dfen",
    "region_Landkreis G\u00f6ttingen",
    "region_Landkreis Ludwigsburg",
    "region_Landkreis Miesbach",
    "region_Landkreis Rostock",
    "region_Lower Saxony",
    "region_Main-Kinzig-Kreis",
    "region_Mecklenburg-Vorpommern",
    "region_Mecklenburg-Western Pomerania",
    "region_NRW",
    "region_NRW ",
    "region_Niedersachsen",
    "region_Niedersachsen ",
    "region_Nordrhein-Westfalen",
    "region_North Rhine-Westphalia",
    "region_North-Rhine-Westphalia",
    "region_Ortenaukreis",
    "region_Region Hannover",
    "region_Rhein-Neckar-Kreis",
    "region_Rheinland-Pfalz",
    "region_Rhineland-Palatinate",
    "region_Saarland",
    "region_Sachsen",
    "region_Sachsen-Anhalt",
    "region_Saxony",
    "region_Saxony-Anhalt",
    "region_Schleswig-Holstein",
    "region_Thuringia",
    "region_Th\u00fcringen",
    "region_Tuttlingen",
    "region_bw",
    "town_Aachen",
    "town_Aachen - Kornelim\u00fcnster",
    "town_Achim",
    "town_Aerzen",
    "town_Ahaus",
    "town_Ahlen",
    "town_Ahrensburg",
    "town_Ahrensfelde",
    "town_Aichstetten",
    "town_Aken",
    "town_Allendorf",
    "town_Alsfeld",
    "town_Altenberge",
    "town_Altenburg",
    "town_Altentreptow",
    "town_Altwarmb\u00fcchen",
    "town_Alzey",
    "town_Anklam",
    "town_Annaberg-Buchholz",
    "town_Ansbach",
    "town_Apensen",
    "town_Arendsee",
    "town_Arnsberg",
    "town_Arnstadt",
    "town_Artern/Unstrut",
    "town_Ascheffel",
    "town_Aschersleben",
    "town_Auetal",
    "town_Augsburg",
    "town_Augsburg Lechhausen",
    "town_Aum\u00fchle",
    "town_Aurach",
    "town_Aurich",
    "town_Baabe",
    "town_Backnang",
    "town_Bad Arolsen",
    "town_Bad Bederkesa",
    "town_Bad Camberg",
    "town_Bad Doberan",
    "town_Bad D\u00fcben",
    "town_Bad Emstal",
    "town_Bad Gr\u00f6nenbach",
    "town_Bad Krozingen",
    "town_Bad Liebenwerda",
    "town_Bad Lippspringe",
    "town_Bad Lobenstein",
    "town_Bad Muskau",
    "town_Bad Neustadt a.d. Saale",
    "town_Bad Oldesloe",
    "town_Bad Pyrmont",
    "town_Bad Sachsa",
    "town_Bad Salzuflen",
    "town_Bad Sassendorf",
    "town_Bad Segeberg",
    "town_Bad Staffelstein",
    "town_Bad T\u00f6lz",
    "town_Bad W\u00fcnnenberg",
    "town_Bad Zwischenahn",
    "town_Bakum",
    "town_Bamberg",
    "town_Barnstdorf",
    "town_Barsbek",
    "town_Barsb\u00fcttel",
    "town_Baruth/Mark",
    "town_Baruth/Mark Klasdorf Glash\u00fctte",
    "town_Bas Sasha",
    "town_Bawinkel",
    "town_Bayerisch Eisenstein",
    "town_Bayreuth",
    "town_Beckum",
    "town_Bedburg-Hau",
    "town_Belm",
    "town_Bentwisch OT Volkenshagen",
    "town_Bergen",
    "town_Bergisch Gladbach",
    "town_Bergkirchen",
    "town_Berlin",
    "town_Berlin H\u00f6now",
    "town_Bernau",
    "town_Bernburg (Saale)",
    "town_Berne",
    "town_Bernhausen",
    "town_Bernkastel-Kues",
    "town_Bernsdorf",
    "town_Besigheim",
    "town_Besigheim ",
    "town_Bevern",
    "town_Bielefeld",
    "town_Bielefeld ",
    "town_Biesenthal",
    "town_Bilm",
    "town_Birkenwerder",
    "town_Bitterfeld-Wolfen",
    "town_Blankenburg (Harz)",
    "town_Blankenburg OT Oesig",
    "town_Blankenfelde-Mahlow",
    "town_Blankenheim",
    "town_Blomberg",
    "town_Bocholt",
    "town_Bochum",
    "town_Bodenfelde",
    "town_Bodenmais",
    "town_Boizenburg/Elbe",
    "town_Bonn",
    "town_Bordesholm",
    "town_Borgholzhausen",
    "town_Borken",
    "town_Bornheim",
    "town_Bosau/Hutzfeld",
    "town_Bottrop",
    "town_Bottrop-Batenbrock",
    "town_Bovenden",
    "town_Brakel",
    "town_Bramsche",
    "town_Brandenburg",
    "town_Brandenburg an der Havel",
    "town_Brandis",
    "town_Braunlage",
    "town_Braunsbedra",
    "town_Braunschweig",
    "town_Breckerfeld",
    "town_Breege OT Juliusruh",
    "town_Breklum",
    "town_Bremen",
    "town_Bremen ",
    "town_Bremerhaven",
    "town_Breydin",
    "town_Britz",
    "town_Bruchhausen-Vilsen",
    "town_Brunsb\u00fcttel",
    "town_Br\u00fcck",
    "town_Br\u00fchl",
    "town_Buchholz",
    "town_Buchholz in der Nordheide",
    "town_Burg",
    "town_Burgdorf",
    "town_Burglengenfeld",
    "town_Buxtehude",
    "town_B\u00f6rgerende",
    "town_B\u00fcchen",
    "town_B\u00fcdelsdorf",
    "town_B\u00fcnde",
    "town_B\u00fcren",
    "town_Calbe",
    "town_Calberlah",
    "town_Callenberg",
    "town_Calv\u00f6rde",
    "town_Castrop-Rauxel",
    "town_Celle",
    "town_Chemnitz",
    "town_Clausthal-Zellerfeld",
    "town_Cloppenburg",
    "town_Coesfeld",
    "town_Cologne",
    "town_Coswig",
    "town_Cottbus",
    "town_Cuxhaven",
    "town_Dachau",
    "town_Dahlenburg",
    "town_Damme",
    "town_Darmstadt",
    "town_Datteln",
    "town_Deggendorf",
    "town_Delbr\u00fcck",
    "town_Delmenhorst",
    "town_Demmin",
    "town_Dessau-Ro\u00dflau",
    "town_Detmold",
    "town_Dettelbach",
    "town_Dieburg",
    "town_Diemelsee",
    "town_Dierhagen",
    "town_Diesbar-Seu\u00dflitz",
    "town_Dietzenbach",
    "town_Dingelst\u00e4dt",
    "town_Dingolfing",
    "town_Dinkelsb\u00fchl",
    "town_Dinklage",
    "town_Dinslaken",
    "town_Dissen am Teutoburger Wald",
    "town_Dorf Mecklenburg",
    "town_Dorfen",
    "town_Dorsten",
    "town_Dortmund",
    "town_Dossenheim",
    "town_Drensteinfurt",
    "town_Dresden",
    "town_Drochtersen",
    "town_Duingen",
    "town_Duisburg",
    "town_Dummerstorf",
    "town_D\u00f6beln",
    "town_D\u00fcren",
    "town_D\u00fcsseldorf",
    "town_Eberswalde",
    "town_Eching",
    "town_Eckental",
    "town_Eckernf\u00f6rde",
    "town_Eddelak",
    "town_Egelsbach",
    "town_Eggebek",
    "town_Ehra-Lessien",
    "town_Ehringshausen",
    "town_Eislingen",
    "town_Elmenhorst-Lichtenhagen",
    "town_Elmshorn",
    "town_Elsterwerda",
    "town_Elz",
    "town_Emden",
    "town_Emlichheim",
    "town_Emmerich am Rhein",
    "town_Emmerthal",
    "town_Engelsbrand/Salmbach",
    "town_Engelskirchen",
    "town_Enger",
    "town_Engern",
    "town_Ennepetal",
    "town_Erftstadt",
    "town_Erftstadt ",
    "town_Erfurt",
    "town_Erkner",
    "town_Erlangen",
    "town_Erwitte",
    "town_Eschweiler",
    "town_Eschweiler ",
    "town_Esens",
    "town_Essen",
    "town_Essen (Oldenburg)",
    "town_Esslingen am Neckar",
    "town_Ettlingen",
    "town_Euskirchen",
    "town_Eutin",
    "town_Falkenberg/Elster",
    "town_Falkensee",
    "town_Fehmarn",
    "town_Filderstadt",
    "town_Flensburg",
    "town_Fleringen",
    "town_Flintbek",
    "town_Frankfurt (Oder)",
    "town_Frankfurt am Main",
    "town_Frechen",
    "town_Fredenbeck",
    "town_Freiburg",
    "town_Freising",
    "town_Freren",
    "town_Freudenstadt",
    "town_Friedberg",
    "town_Friedenweiler",
    "town_Friedrichsfehn",
    "town_Friedrichshafen",
    "town_Friedrichskoog",
    "town_Friesoythe",
    "town_Fr\u00f6ndenberg",
    "town_Fulda",
    "town_F\u00fcrstenau",
    "town_F\u00fcssen",
    "town_Gager",
    "town_Garbsen",
    "town_Garching bei M\u00fcnchen",
    "town_Garmisch-Partenkirchen",
    "town_Geesthacht",
    "town_Geestland",
    "town_Geldern",
    "town_Gelnhausen",
    "town_Gelsenkirchen",
    "town_Genthin/ OT Schopsdorf",
    "town_Georgsmarienh\u00fctte",
    "town_Geraberg",
    "town_Germering",
    "town_Gerolstein",
    "town_Geseke",
    "town_Gettorf",
    "town_Gevelsberg",
    "town_Gie\u00dfen",
    "town_Gifhorn",
    "town_Gilching",
    "town_Glandorf",
    "town_Glinde",
    "town_Gl\u00fcckstadt",
    "town_Goch",
    "town_Gohrisch",
    "town_Goslar",
    "town_Graal-M\u00fcritz",
    "town_Grefrath",
    "town_Greifswald",
    "town_Greiz",
    "town_Greu\u00dfen",
    "town_Greven",
    "town_Grimma",
    "town_Grimmen",
    "town_Groitzsch",
    "town_Gronau",
    "town_Gro\u00df Nemerow",
    "town_Gro\u00dfbeeren",
    "town_Gro\u00dfburgwedel",
    "town_Gro\u00dfenbrode",
    "town_Gro\u00dfr\u00e4schen",
    "town_Gro\u00dfsch\u00f6nau",
    "town_Gro\u00dfsolt",
    "town_Gr\u00f6ditz",
    "town_Guben",
    "town_Gunzenhausen",
    "town_G\u00f6rlitz",
    "town_G\u00f6ttingen",
    "town_G\u00f6\u00dfnitz",
    "town_G\u00fctersloh",
    "town_Haan",
    "town_Hagen",
    "town_Haiger",
    "town_Hainichen",
    "town_Hakensb\u00fcttel",
    "town_Halbe",
    "town_Haldensleben",
    "town_Halle (Saale)",
    "town_Haltern am See",
    "town_Hambergen",
    "town_Hamburg",
    "town_Hamb\u00fchren",
    "town_Hamb\u00fcren",
    "town_Hameln",
    "town_Hamm",
    "town_Hamminkeln",
    "town_Hanau-Steinheim",
    "town_Hann. M\u00fcnden",
    "town_Hannover",
    "town_Hanover",
    "town_Harsefeld",
    "town_Harsewinkel",
    "town_Hartmannsdorf",
    "town_Hassel",
    "town_Hattstedt",
    "town_Hattstedtermarsch",
    "town_Heide",
    "town_Heidelberg",
    "town_Heidenau",
    "town_Heidenheim",
    "town_Heidenheim an der Brenz",
    "town_Heidenheim-Oggenhausen ",
    "town_Heilbad Heiligenstadt",
    "town_Heiligengrabe",
    "town_Heiligenstadt",
    "town_Heimsheim",
    "town_Helmstedt",
    "town_Helpsen",
    "town_Hemau",
    "town_Hemer",
    "town_Hennef (Sieg)",
    "town_Hennigsdorf",
    "town_Henstedt-Ulzburg",
    "town_Herborn",
    "town_Herdecke",
    "town_Herford",
    "town_Heringen",
    "town_Herne",
    "town_Herten",
    "town_Herzebrock-Clarholz",
    "town_Hessisch Oldendorf",
    "town_Hiddenhausen",
    "town_Hildburghausen",
    "town_Hilden",
    "town_Hildesheim",
    "town_Hinte",
    "town_Hofgeismar",
    "town_Hohen Neuendorf",
    "town_Hohenhameln",
    "town_Hohenm\u00f6lsen",
    "town_Hohnstorf/Elbe",
    "town_Hollern-Twelenfleth",
    "town_Holzwickede",
    "town_Hopsten",
    "town_Horstmar",
    "town_Hoyerswerda",
    "town_Hunderdorf",
    "town_Husum",
    "town_H\u00f6rstel",
    "town_H\u00fcnfeld",
    "town_H\u00fcnxe",
    "town_Ibbenb\u00fcren",
    "town_Idar-Oberstein",
    "town_Idstein",
    "town_Irschenberg",
    "town_Iserlohn",
    "town_Isernhagen",
    "town_Isernhagen ",
    "town_Isny im Allg\u00e4u",
    "town_Isselburg",
    "town_Issum",
    "town_Itzehoe",
    "town_Jade-Jaderberg",
    "town_Jatznick",
    "town_Jemgum",
    "town_Jettingen-Scheppach",
    "town_Jevenstedt",
    "town_Jever",
    "town_J\u00fcbek",
    "town_Kaarst",
    "town_Kaldenkerken",
    "town_Kalkar",
    "town_Kaltenkirchen",
    "town_Kamen",
    "town_Kamenz",
    "town_Kamp-Lintfort",
    "town_Kandel",
    "town_Kappeln",
    "town_Karbch",
    "town_Karlsbad",
    "town_Karlsruhe",
    "town_Kassel-Unterneustadt",
    "town_Kaufbeuren",
    "town_Kelsterbach",
    "town_Kempen",
    "town_Kie-Russee",
    "town_Kiefersfelden",
    "town_Kiel",
    "town_Kirchheim",
    "town_Kirchheim unter Teck",
    "town_Kirchheimbolanden",
    "town_Kirchlinteln",
    "town_Kirchseeon",
    "town_Kl. Offenseth-Sparrieshoop",
    "town_Kleinlangheim",
    "town_Kleinmachnow",
    "town_Kleve",
    "town_Kl\u00f6tze",
    "town_Koldenb\u00fcttel",
    "town_Kolitz",
    "town_Krefeld",
    "town_Kreuth",
    "town_Kropp",
    "town_Kumhausen",
    "town_Kyllburg",
    "town_K\u00f6ln",
    "town_K\u00f6ngen",
    "town_K\u00f6nigsbr\u00fcck",
    "town_K\u00f6nigslutter am Elm",
    "town_K\u00f6nigswinter",
    "town_K\u00f6then (Anhalt)",
    "town_Laaber",
    "town_Laatzen",
    "town_Ladbergen",
    "town_Lambrechtshagen",
    "town_Lampertheim",
    "town_Lamspringe",
    "town_Landkreis Ludwigsburg",
    "town_Landsberg am Lech",
    "town_Landshut",
    "town_Langwedel",
    "town_Lauchhammer",
    "town_Lauta",
    "town_Leer",
    "town_Legden",
    "town_Lehrte",
    "town_Lehrte OT H\u00e4melerwald",
    "town_Leinefelde",
    "town_Leinefelde-Worbis",
    "town_Leipzig",
    "town_Lemgo",
    "town_Lengerich",
    "town_Leuna",
    "town_Leutkirch",
    "town_Leverkusen",
    "town_Lindau",
    "town_Lindenberg im Allg\u00e4u",
    "town_Lindewitt",
    "town_Lindow",
    "town_Lingen (Ems)",
    "town_Linthe",
    "town_Lippstadt",
    "town_Logabirum ",
    "town_Lohsa",
    "town_Lossatal",
    "town_Lotte-Wersen",
    "town_Loxstedt",
    "town_Luckau",
    "town_Luckenwalde",
    "town_Ludwigsfelde",
    "town_Lunden",
    "town_Lunow",
    "town_Lutherstadt Eisleben",
    "town_Lutherstadt Wittenberg",
    "town_Lutter am Barenberge",
    "town_L\u00f6bau",
    "town_L\u00f6ningen",
    "town_L\u00f6wenberger Land",
    "town_L\u00fcbbecke",
    "town_L\u00fcbben (Spreewald)",
    "town_L\u00fcbbenau/Spreewald",
    "town_L\u00fcbeck",
    "town_L\u00fcdenscheid",
    "town_L\u00fcneburg",
    "town_L\u00fcnen",
    "town_L\u00fcnne",
    "town_Magdeburg",
    "town_Mahlberg",
    "town_Mannheim",
    "town_Marienfeld",
    "town_Marienhafe",
    "town_Markkleeberg",
    "town_Marktoberdorf",
    "town_Marktredewitz",
    "town_Marl",
    "town_Marlow",
    "town_Massenbachhausen ",
    "town_Meckenbeuren",
    "town_Medebach",
    "town_Meerane",
    "town_Meerbusch",
    "town_Meinersen",
    "town_Meiningen",
    "town_Melbeck",
    "town_Melchow",
    "town_Meldorf",
    "town_Melle",
    "town_Memmingen",
    "town_Menden",
    "town_Menden-Lendringsen",
    "town_Menslage",
    "town_Meppen",
    "town_Mering",
    "town_Merklingen",
    "town_Merseburg",
    "town_Merzig",
    "town_Meschede",
    "town_Metzingen",
    "town_Meuselwitz",
    "town_Michelstadt",
    "town_Michendorf",
    "town_Miesbach",
    "town_Mieste",
    "town_Miltenberg",
    "town_Minden",
    "town_Mittelkalbach",
    "town_Molfsee",
    "town_Muldestausee",
    "town_Munich",
    "town_Munster",
    "town_Murnau am Staffelsee",
    "town_Murr",
    "town_M\u00f6lln",
    "town_M\u00f6nchengladbach",
    "town_M\u00fchlacker",
    "town_M\u00fchldorf a. Inn",
    "town_M\u00fchlhausen",
    "town_M\u00fclheim a.d. Ruhr",
    "town_M\u00fclheim an der Ruhr",
    "town_M\u00fcnchen",
    "town_M\u00fcnster",
    "town_Nakenstorf",
    "town_Naunhof",
    "town_Nersingen",
    "town_Nettetal",
    "town_Neu Wulmstorf",
    "town_Neu-Ulm ",
    "town_Neubrandenburg",
    "town_Neuenhagen",
    "town_Neuenkirchen",
    "town_Neuenrade",
    "town_Neuhaus",
    "town_Neuhausen/Spree",
    "town_Neumarkt in der Oberpfalz ",
    "town_Neum\u00fcnster",
    "town_Neunkirchen",
    "town_Neuruppin",
    "town_Neustadt an der Weinstra\u00dfe ",
    "town_Neustadt-Glewe",
    "town_Neustadt/Holstein",
    "town_Neuwied",
    "town_Niederdorfelden",
    "town_Niederkr\u00fcchten",
    "town_Niederzissen",
    "town_Nienburg",
    "town_Nienburg/Weser",
    "town_Nittenau",
    "town_Nittendorf",
    "town_Nonnenhorn",
    "town_Norden",
    "town_Norden ",
    "town_Norderstedt",
    "town_Nordhausen",
    "town_Nordhorn",
    "town_Northeim",
    "town_N\u00fcnchritz",
    "town_N\u00fcrnberg",
    "town_N\u00fcrtingen",
    "town_Oberhausen",
    "town_Oberndorf am Neckar",
    "town_Oderberg",
    "town_Oebisfelde-Weferlingen OT Weferlingen",
    "town_Oelde",
    "town_Oesterdeichstrich",
    "town_Ohrenbach",
    "town_Olching",
    "town_Oldenburg",
    "town_Oldenburg in Holstein",
    "town_Olpe",
    "town_Olsberg",
    "town_Oppurg",
    "town_Oranienburg",
    "town_Osdorf",
    "town_Osnabr\u00fcck",
    "town_Ostenfeld",
    "town_Ostercappeln",
    "town_Osterholz-Scharmbeck",
    "town_Osterode (Lerbach)",
    "town_Ostseebad Binz",
    "town_Ostseebad Rerik",
    "town_Ottersberg",
    "town_Overath",
    "town_Paderborn",
    "town_Papenburg",
    "town_Parchim",
    "town_Pasewalk",
    "town_Passau",
    "town_Pellworm",
    "town_Penzberg",
    "town_Pepelow",
    "town_Perl",
    "town_Petersberg",
    "town_Pforzheim",
    "town_Pilsting",
    "town_Pinneberg",
    "town_Pirna",
    "town_Plaaz",
    "town_Pohlheim (Watzenborn-Steinberg)",
    "town_Polch",
    "town_Porta Westfalica",
    "town_Potsdam",
    "town_Prenzlau",
    "town_Putbus",
    "town_Quakenbr\u00fcck",
    "town_Querfurt",
    "town_Quickborn",
    "town_Radeberg",
    "town_Rahden",
    "town_Ramsloh",
    "town_Rathenow",
    "town_Ratingen",
    "town_Ravensburg",
    "town_Rechlin",
    "town_Recke",
    "town_Recke - Obersteinbeck",
    "town_Recke - Steinbeck",
    "town_Recklinghausen",
    "town_Regenstauf",
    "town_Region Hannover",
    "town_Rehburg-Loccum",
    "town_Reichenbach",
    "town_Reichertshofen",
    "town_Reinbek",
    "town_Reinfeld",
    "town_Remscheid",
    "town_Rendsburg",
    "town_Reppenstedt",
    "town_Resse",
    "town_Rethem",
    "town_Rethmar",
    "town_Reutlingen",
    "town_Rhauderfehn",
    "town_Rheda-Wiedenbr\u00fcck",
    "town_Rhede",
    "town_Rhede (Ems)",
    "town_Rheinbrohl",
    "town_Rheinsberg",
    "town_Riesa",
    "town_Rinteln",
    "town_Ritterhude",
    "town_Roggentin",
    "town_Rohrdorf",
    "town_Ronnenberg",
    "town_Rosenheim",
    "town_Rostock",
    "town_Rotenburg",
    "town_Rothenburg ob der Tauber",
    "town_Rottweil",
    "town_Ro\u00dfdorf",
    "town_Ro\u00dfwein",
    "town_Rust",
    "town_R\u00f6derland",
    "town_R\u00f6tha",
    "town_R\u00fcsselsheim",
    "town_R\u00fcthen",
    "town_Saerbeck",
    "town_Sailauf",
    "town_Salzgitter",
    "town_Salzkotten",
    "town_Salzwedel",
    "town_Sande",
    "town_Sangerhausen",
    "town_Sanitz",
    "town_Sankt Peter-Ording",
    "town_Sarstedt",
    "town_Satrup",
    "town_Sauerlach",
    "town_Schafflund",
    "town_Schalksm\u00fchle",
    "town_Scharnebek",
    "town_Schashagen OT Bliesdorf",
    "town_Schermbeck",
    "town_Schieder-Schwalenberg",
    "town_Schiltberg OT Ruppertszell",
    "town_Schkeuditz",
    "town_Schkopau",
    "town_Schleiz",
    "town_Schleswig",
    "town_Schlo\u00df Holte-Stukenbrock",
    "town_Schmalkalden",
    "town_Schmallenberg",
    "town_Schorfheide",
    "town_Schwabach",
    "town_Schwabstedt",
    "town_Schwanewede",
    "town_Schwarzenbek",
    "town_Schwarzenberg",
    "town_Schwedt/Oder",
    "town_Schwelm",
    "town_Schwentinental",
    "town_Schwerin",
    "town_Schwerte",
    "town_Schwetzingen",
    "town_Schwielowsee",
    "town_Sch\u00f6nberg",
    "town_Sch\u00f6nberg (Holstein)",
    "town_Sch\u00f6nebeck",
    "town_Sch\u00f6nefeld",
    "town_Sch\u00f6neiche ",
    "town_Sch\u00f6ppingen",
    "town_Sedinner See",
    "town_Seebad Bansin",
    "town_Seelze",
    "town_Seesen",
    "town_Seeth",
    "town_Seevetal",
    "town_Sehnde",
    "town_Seitingen-Oberflacht",
    "town_Selm",
    "town_Sendenhorst",
    "town_Senftenberg",
    "town_Sierksdorf",
    "town_Silberstedt",
    "town_Simonsberg",
    "town_Sindorf",
    "town_Sinsheim",
    "town_Solingen",
    "town_Sollstedt",
    "town_Soltau",
    "town_Sondershausen",
    "town_Sonthofen",
    "town_Sottrum",
    "town_Spenge",
    "town_Sprakeb\u00fcll",
    "town_Springe",
    "town_St. Peter-Ording",
    "town_Stade",
    "town_Stadthagen",
    "town_Stahnsdorf",
    "town_Sta\u00dffurt",
    "town_Stein",
    "town_Steinach im Kinzigtal",
    "town_Steinbach-Hallenberg",
    "town_Steinhagen",
    "town_Steinheim",
    "town_Steinhude",
    "town_Steinkirchen",
    "town_Stendal",
    "town_Stockelsdorf",
    "town_Stolzenau",
    "town_Stralsund",
    "town_Strande",
    "town_Stra\u00dflach-Dingharting",
    "town_Stuhr",
    "town_Stuttgart",
    "town_Suederholz / OT Kaschow",
    "town_Sundern (Sauerland)",
    "town_Sylt",
    "town_S\u00f6chtenau",
    "town_S\u00f6mmerda",
    "town_S\u00fcderbrarup",
    "town_S\u00fcdergellersen",
    "town_S\u00fcdermarsch",
    "town_S\u00fclfeld",
    "town_S\u00fcsel",
    "town_Tarmstedt",
    "town_Tarp",
    "town_Tating",
    "town_Tellingstedt",
    "town_Teltow",
    "town_Templin",
    "town_Tengen",
    "town_Teupitz",
    "town_Tiste",
    "town_Torgau",
    "town_Tornesch",
    "town_Traben-Trarbach",
    "town_Triptis",
    "town_Trittau",
    "town_Troisdorf",
    "town_Twistetal",
    "town_T\u00f6nisvorst",
    "town_T\u00fcrkheim",
    "town_Uder",
    "town_Ueckerm\u00fcnde",
    "town_Uelzen",
    "town_Uelzen / OT Molzen",
    "town_Uetze",
    "town_Ulm",
    "town_Ulm-Wiblingen",
    "town_Ungerhausen",
    "town_Unna",
    "town_Untergriesbach",
    "town_Unterhaching",
    "town_Untermembach",
    "town_Unterschlei\u00dfheim",
    "town_Unterw\u00f6ssen",
    "town_Uslar",
    "town_Valluhn",
    "town_Varel",
    "town_Vechta",
    "town_Veitsh\u00f6chheim",
    "town_Velbert",
    "town_Velbert ",
    "town_Velpke",
    "town_Verden",
    "town_Verl",
    "town_Versmold",
    "town_Vetschau/Spreewald",
    "town_Viersen",
    "town_Villingen-Schwenningen",
    "town_Visbek",
    "town_Visselh\u00f6vede",
    "town_Voerde",
    "town_Vogelsdorf",
    "town_Volkenshagen",
    "town_V\u00f6lklingen",
    "town_Wackersdorf",
    "town_Wadersloh",
    "town_Waiblingen",
    "town_Walchensee",
    "town_Walchensee ",
    "town_Waldkraiburg ",
    "town_Waldmohr",
    "town_Walkendorf",
    "town_Wallenhorst",
    "town_Walsrode",
    "town_Wanderup",
    "town_Wang",
    "town_Wangerland",
    "town_Warburg",
    "town_Waren (M\u00fcritz)",
    "town_Warstein",
    "town_Wassenberg",
    "town_Wasserburg am Inn",
    "town_Waxweiler",
    "town_Waxweiler Duitsland",
    "town_Wedel",
    "town_Wedemark",
    "town_Weeze",
    "town_Weibersbrunn",
    "town_Weil Im Sch\u00f6nbuch ",
    "town_Weilheim",
    "town_Weimar",
    "town_Weiterstadt",
    "town_Wei\u00dfenfels",
    "town_Wenzendorf",
    "town_Werdau",
    "town_Wernberg-K\u00f6blitz",
    "town_Werneuchen",
    "town_Wernigerode",
    "town_Wesel",
    "town_Westerhever",
    "town_Westerholt",
    "town_Westerr\u00f6nfeld",
    "town_Westerstede",
    "town_Westoverledingen",
    "town_Wetter",
    "town_Weyhausen",
    "town_Wieck a. Dar\u00df",
    "town_Wiesmoor",
    "town_Wildau",
    "town_Wildenfels",
    "town_Wilhelmshaven",
    "town_Willebadessen",
    "town_Willich",
    "town_Willingen (Upland)",
    "town_Winterberg",
    "town_Wischhafen",
    "town_Wismar",
    "town_Wissels",
    "town_Witten",
    "town_Wittenberg",
    "town_Wittenburg",
    "town_Wittingen",
    "town_Wittlich",
    "town_Wittmund",
    "town_Wittstock/Dosse",
    "town_Witzhave",
    "town_Wobbenb\u00fcll",
    "town_Wohltorf",
    "town_Wolfenb\u00fcttel",
    "town_Wolfratshausen",
    "town_Wolfsburg",
    "town_Wolgast",
    "town_Wolmirstedt",
    "town_Wriezen",
    "town_Wrist",
    "town_Wuppertal",
    "town_Wurzen",
    "town_Wustermark",
    "town_W\u00f6bbelin",
    "town_W\u00f6rrstadt",
    "town_W\u00f6rth am Rhein",
    "town_W\u00f6rth an der Donau",
    "town_W\u00fcrzburg",
    "town_Zehdenick",
    "town_Zella-Mehlis",
    "town_Zellingen",
    "town_Zeven",
    "town_Zittau",
    "town_Zossen",
    "town_Zscherben",
    "town_Zwenkau",
    "town_Zwickau",
    "town_hundisburg"
  ]
}